0,cy,2017-01-01,0.194,0.64,0.714,0.0,0.28,-7.766,0.074,91.457,0.426
0,cy,2017-01-02,0.184,0.653,0.674,0.0,0.232,-7.52,0.143,122.989,0.462
0,cy,2017-01-03,0.184,0.653,0.674,0.0,0.232,-7.52,0.143,122.989,0.462
0,cy,2017-01-04,0.168,0.641,0.65,0.0,0.241,-6.924,0.137,135.768,0.48
0,cy,2017-01-05,0.159,0.606,0.619,0.0,0.257,-6.816,0.119,129.131,0.411
0,cy,2017-01-06,0.159,0.606,0.619,0.0,0.257,-6.816,0.119,129.131,0.411
0,cy,2017-01-07,0.159,0.606,0.619,0.0,0.257,-6.816,0.119,129.131,0.411
0,cy,2017-01-08,0.159,0.606,0.619,0.0,0.257,-6.816,0.119,129.131,0.411
0,cy,2017-01-09,0.159,0.606,0.619,0.0,0.257,-6.816,0.119,129.131,0.411
0,cy,2017-01-10,0.159,0.606,0.619,0.0,0.257,-6.816,0.119,129.131,0.411
0,cy,2017-06-08,0.248,0.666,0.635,0.038,0.167,-6.847,0.08,119.741,0.505
0,cy,2017-06-09,0.22,0.636,0.648,0.041,0.157,-6.662,0.104,129.447,0.443
0,cy,2017-06-14,0.193,0.637,0.637,0.013,0.159,-6.018,0.118,124.175,0.437
0,cy,2017-07-06,0.194,0.684,0.669,0.001,0.124,-5.216,0.07,109.087,0.565
0,cy,2017-07-05,0.192,0.694,0.665,0.001,0.127,-4.832,0.067,115.123,0.569
0,cy,2017-07-07,0.194,0.663,0.677,0.001,0.126,-5.213,0.074,107.07,0.527
0,cy,2017-07-08,0.165,0.67,0.681,0.001,0.128,-5.056,0.079,105.2,0.527
0,cy,2017-07-09,0.167,0.663,0.682,0.001,0.132,-5.057,0.077,110.665,0.515
0,cy,2017-12-01,0.288,0.563,0.565,0.0,0.149,-6.519,0.06,124.907,0.363
0,cy,2017-01-11,,,,,,,,,
0,cy,2017-01-12,,,,,,,,,
0,cy,2017-01-13,,,,,,,,,
0,cy,2017-01-14,,,,,,,,,
0,cy,2017-01-15,,,,,,,,,
0,cy,2017-01-26,0.389,0.647,0.529,0.001,0.103,-8.709,0.079,118.478,0.502
0,cy,2017-01-27,0.486,0.642,0.51,0.0,0.099,-8.672,0.095,127.971,0.571
0,cy,2017-02-03,0.135,0.742,0.668,0.0,0.116,-5.315,0.175,147.029,0.604
0,cy,2017-01-30,0.406,0.652,0.531,0.0,0.108,-8.261,0.142,142.492,0.562
0,cy,2017-01-31,0.237,0.708,0.668,0.0,0.114,-5.97,0.177,154.645,0.609
0,cy,2017-02-01,0.204,0.732,0.686,0.0,0.111,-5.378,0.15,142.985,0.626
0,cy,2017-02-02,0.135,0.742,0.668,0.0,0.116,-5.315,0.175,147.029,0.604
0,cy,2017-02-04,0.135,0.742,0.668,0.0,0.116,-5.315,0.175,147.029,0.604
0,cy,2017-02-05,0.116,0.736,0.747,0.0,0.153,-4.661,0.149,128.353,0.685
0,cy,2018-04-12,0.19,0.639,0.651,0.001,0.181,-6.415,0.092,127.313,0.401
0,cy,2018-04-13,0.202,0.628,0.635,0.001,0.189,-6.66,0.091,127.568,0.387
0,cy,2018-04-15,0.219,0.625,0.653,0.001,0.182,-6.23,0.085,122.925,0.405
0,cy,2018-04-14,0.19,0.639,0.651,0.001,0.181,-6.415,0.092,127.313,0.401
0,cy,2018-04-16,0.24,0.616,0.588,0.0,0.132,-6.901,0.088,124.282,0.41
0,cy,2018-04-18,0.235,0.638,0.636,0.001,0.204,-6.12,0.089,129.815,0.445
0,cy,2017-01-25,0.504,0.572,0.354,0.001,0.102,-11.977,0.033,98.016,0.358
0,cy,2017-01-28,0.486,0.642,0.51,0.0,0.099,-8.672,0.095,127.971,0.571
0,cy,2017-01-29,0.486,0.642,0.51,0.0,0.099,-8.672,0.095,127.971,0.571
0,cy,2017-09-18,0.235,0.688,0.609,0.0,0.168,-6.163,0.087,107.199,0.47
0,cy,2017-09-17,0.252,0.687,0.602,0.0,0.163,-6.137,0.086,108.27,0.49
0,cy,2017-09-19,0.216,0.698,0.62,0.0,0.168,-6.009,0.104,110.422,0.515
0,cy,2017-09-20,0.161,0.672,0.637,0.0,0.132,-5.969,0.095,119.106,0.497
0,cy,2017-09-21,0.177,0.672,0.635,0.0,0.129,-5.74,0.091,117.869,0.506
0,cy,2017-09-22,0.179,0.67,0.635,0.0,0.126,-5.698,0.089,115.281,0.504
0,cy,2017-09-23,0.149,0.659,0.658,0.0,0.123,-5.341,0.081,114.664,0.505
0,cy,2017-04-17,0.256,0.809,0.463,0.085,0.109,-11.377,0.04,111.98,0.364
0,cy,2017-04-18,0.256,0.809,0.463,0.085,0.109,-11.377,0.04,111.98,0.364
0,cy,2017-04-19,,,,,,,,,
0,cy,2017-04-20,0.133,0.821,0.448,0.053,0.137,-10.086,0.235,131.021,0.322
0,cy,2017-04-21,0.133,0.821,0.448,0.053,0.137,-10.086,0.235,131.021,0.322
0,cy,2017-04-22,0.133,0.821,0.448,0.053,0.137,-10.086,0.235,131.021,0.322
0,cy,2017-04-23,0.133,0.821,0.448,0.053,0.137,-10.086,0.235,131.021,0.322
0,cy,2017-01-16,,,,,,,,,
0,cy,2017-01-17,,,,,,,,,
0,cy,2017-01-18,,,,,,,,,
0,cy,2017-01-19,,,,,,,,,
0,cy,2017-01-20,0.097,0.662,0.586,0.003,0.115,-8.821,0.031,90.0,0.296
0,cy,2017-03-09,0.211,0.66,0.537,0.004,0.184,-7.516,0.141,121.223,0.533
0,cy,2017-01-22,0.097,0.662,0.586,0.003,0.115,-8.821,0.031,90.0,0.296
0,cy,2017-01-21,0.097,0.662,0.586,0.003,0.115,-8.821,0.031,90.0,0.296
0,cy,2017-01-23,0.097,0.662,0.586,0.003,0.115,-8.821,0.031,90.0,0.296
0,cy,2017-01-24,0.504,0.572,0.354,0.001,0.102,-11.977,0.033,98.016,0.358
0,cy,2017-04-24,0.224,0.671,0.628,0.026,0.194,-6.458,0.149,117.087,0.526
0,cy,2017-04-09,0.116,0.427,0.9,0.0,0.119,-3.674,0.05,104.655,0.599
0,cy,2017-04-10,0.116,0.427,0.9,0.0,0.119,-3.674,0.05,104.655,0.599
0,cy,2017-04-11,0.116,0.427,0.9,0.0,0.119,-3.674,0.05,104.655,0.599
0,cy,2017-04-12,0.116,0.427,0.9,0.0,0.119,-3.674,0.05,104.655,0.599
0,cy,2017-05-09,0.302,0.659,0.63,0.034,0.231,-6.965,0.08,123.303,0.477
0,cy,2017-05-10,0.258,0.664,0.634,0.027,0.223,-6.595,0.072,117.379,0.493
0,cy,2017-05-11,0.241,0.667,0.641,0.021,0.222,-6.137,0.072,118.956,0.528
0,cy,2017-05-12,0.258,0.683,0.621,0.027,0.184,-6.472,0.07,117.969,0.498
0,cy,2017-05-13,0.241,0.684,0.634,0.029,0.19,-6.362,0.072,117.052,0.524
0,cy,2017-05-14,0.18,0.704,0.656,0.008,0.152,-6.1,0.075,112.298,0.56
0,cy,2017-05-15,0.188,0.661,0.623,0.009,0.154,-6.785,0.073,117.492,0.514
0,cy,2017-05-17,0.284,0.602,0.614,0.002,0.159,-6.818,0.059,112.143,0.539
0,cy,2017-05-16,0.244,0.635,0.616,0.001,0.155,-6.423,0.071,112.459,0.53
0,cy,2017-07-01,0.158,0.673,0.648,0.006,0.15,-5.67,0.061,115.44,0.505
0,cy,2017-06-30,0.112,0.688,0.654,0.025,0.167,-6.069,0.066,115.835,0.482
0,cy,2017-07-02,0.161,0.663,0.641,0.001,0.157,-5.569,0.06,121.59,0.471
0,cy,2017-07-04,0.175,0.677,0.667,0.001,0.133,-4.544,0.06,121.554,0.574
0,cy,2017-07-11,0.164,0.624,0.683,0.001,0.148,-5.015,0.088,110.511,0.532
0,cy,2017-07-13,0.155,0.62,0.687,0.001,0.163,-4.947,0.088,112.585,0.527
0,cy,2017-07-12,0.152,0.617,0.677,0.001,0.152,-4.973,0.086,111.307,0.529
0,cy,2017-07-14,0.145,0.636,0.701,0.001,0.188,-4.708,0.084,112.167,0.549
0,cy,2017-07-15,0.135,0.636,0.688,0.001,0.161,-4.933,0.096,116.74,0.509
0,cy,2017-07-16,0.145,0.642,0.682,0.001,0.157,-4.893,0.098,115.647,0.542
0,cy,2017-07-17,0.128,0.66,0.662,0.001,0.156,-5.05,0.108,116.427,0.558
0,cy,2017-04-04,,,,,,,,,
0,cy,2017-04-05,,,,,,,,,
0,cy,2017-04-06,,,,,,,,,
0,cy,2017-04-07,,,,,,,,,
0,cy,2017-04-08,,,,,,,,,
0,cy,2017-10-29,0.153,0.609,0.636,0.0,0.167,-5.483,0.082,123.29,0.462
0,cy,2017-04-03,,,,,,,,,
0,cy,2017-02-18,0.128,0.697,0.711,0.0,0.086,-5.217,0.156,173.905,0.747
0,cy,2017-02-19,0.128,0.697,0.711,0.0,0.086,-5.217,0.156,173.905,0.747
0,cy,2017-02-14,0.226,0.632,0.695,0.0,0.162,-4.569,0.171,149.989,0.538
0,cy,2017-04-13,0.116,0.427,0.9,0.0,0.119,-3.674,0.05,104.655,0.599
0,cy,2017-04-15,0.116,0.427,0.9,0.0,0.119,-3.674,0.05,104.655,0.599
0,cy,2017-04-14,0.116,0.427,0.9,0.0,0.119,-3.674,0.05,104.655,0.599
0,cy,2017-04-16,,,,,,,,,
0,cy,2017-02-22,0.198,0.614,0.526,0.006,0.118,-7.784,0.176,124.573,0.477
0,cy,2017-02-23,0.198,0.614,0.526,0.006,0.118,-7.784,0.176,124.573,0.477
0,cy,2017-02-24,0.261,0.541,0.557,0.001,0.103,-7.446,0.09,116.077,0.542
0,cy,2017-02-25,0.287,0.481,0.442,0.002,0.098,-8.791,0.051,85.199,0.391
0,cy,2017-02-26,0.287,0.481,0.442,0.002,0.098,-8.791,0.051,85.199,0.391
0,cy,2017-02-27,0.119,0.64,0.533,0.0,0.086,-6.596,0.071,99.968,0.515
0,cy,2017-02-28,0.057,0.804,0.648,0.0,0.102,-7.805,0.117,117.983,0.392
0,cy,2017-02-06,0.131,0.729,0.811,0.0,0.146,-3.904,0.112,125.612,0.789
0,cy,2017-02-07,0.131,0.729,0.811,0.0,0.146,-3.904,0.112,125.612,0.789
0,cy,2017-02-08,0.144,0.692,0.845,0.0,0.169,-4.055,0.133,134.416,0.846
0,cy,2017-02-09,0.28,0.631,0.792,0.0,0.155,-4.157,0.198,149.625,0.749
0,cy,2017-02-10,0.23,0.637,0.784,0.0,0.191,-4.035,0.159,137.205,0.664
0,cy,2017-03-16,,,,,,,,,
0,cy,2017-03-15,,,,,,,,,
0,cy,2017-03-17,,,,,,,,,
0,cy,2017-03-18,,,,,,,,,
0,cy,2017-03-19,,,,,,,,,
0,cy,2017-03-20,,,,,,,,,
0,cy,2017-03-21,,,,,,,,,
0,cy,2017-02-11,0.23,0.637,0.784,0.0,0.191,-4.035,0.159,137.205,0.664
0,cy,2017-02-12,0.28,0.607,0.744,0.0,0.179,-4.262,0.18,152.607,0.604
0,cy,2017-02-13,0.315,0.581,0.724,0.0,0.212,-4.015,0.186,139.995,0.482
0,cy,2017-02-15,0.226,0.632,0.695,0.0,0.162,-4.569,0.171,149.989,0.538
0,cy,2017-02-16,0.063,0.694,0.698,0.0,0.18,-4.673,0.093,134.961,0.529
0,cy,2017-02-17,0.046,0.734,0.637,0.0,0.06,-5.677,0.141,169.977,0.648
0,cy,2017-02-20,0.18,0.637,0.552,0.006,0.112,-7.554,0.193,142.075,0.51
0,cy,2017-02-21,0.198,0.614,0.526,0.006,0.118,-7.784,0.176,124.573,0.477
0,cy,2017-03-01,0.057,0.804,0.648,0.0,0.102,-7.805,0.117,117.983,0.392
0,cy,2017-03-02,0.057,0.804,0.648,0.0,0.102,-7.805,0.117,117.983,0.392
0,cy,2017-03-03,0.057,0.804,0.648,0.0,0.102,-7.805,0.117,117.983,0.392
0,cy,2017-03-04,0.097,0.68,0.598,0.001,0.163,-7.751,0.077,108.12,0.495
0,cy,2017-03-05,0.116,0.676,0.63,0.001,0.155,-7.252,0.092,119.739,0.554
0,cy,2017-03-06,0.221,0.659,0.581,0.001,0.165,-7.018,0.085,113.896,0.543
0,cy,2017-07-31,0.105,0.68,0.693,0.0,0.185,-5.345,0.102,118.756,0.576
0,cy,2017-08-01,0.109,0.658,0.692,0.0,0.186,-5.162,0.101,115.395,0.589
0,cy,2017-08-02,0.087,0.663,0.706,0.0,0.189,-4.955,0.104,115.478,0.594
0,cy,2017-08-03,0.084,0.668,0.71,0.0,0.166,-4.634,0.11,113.565,0.612
0,cy,2017-08-04,0.087,0.702,0.697,0.0,0.164,-5.043,0.114,114.73,0.65
0,cy,2017-08-05,0.084,0.689,0.703,0.0,0.165,-4.984,0.102,115.899,0.622
0,cy,2017-08-06,0.087,0.68,0.703,0.0,0.17,-5.027,0.109,114.787,0.625
0,cy,2018-06-07,0.219,0.626,0.72,0.0,0.207,-5.316,0.089,119.551,0.503
0,cy,2018-06-08,0.23,0.641,0.709,0.0,0.213,-5.399,0.089,118.052,0.517
0,cy,2018-06-09,0.231,0.66,0.714,0.0,0.212,-5.012,0.098,117.625,0.513
0,cy,2018-06-10,0.24,0.688,0.698,0.0,0.177,-5.057,0.082,118.897,0.537
0,cy,2018-06-12,0.238,0.693,0.691,0.0,0.206,-5.2,0.093,121.332,0.536
0,cy,2018-06-11,0.259,0.7,0.7,0.0,0.186,-4.979,0.087,120.985,0.549
0,cy,2018-06-13,0.253,0.703,0.685,0.0,0.209,-4.992,0.093,121.285,0.519
0,cy,2017-03-23,,,,,,,,,
0,cy,2017-03-22,,,,,,,,,
0,cy,2017-03-24,,,,,,,,,
0,cy,2017-03-25,,,,,,,,,
0,cy,2017-03-26,,,,,,,,,
0,cy,2017-03-07,0.248,0.634,0.57,0.001,0.176,-6.887,0.08,113.215,0.569
0,cy,2017-03-08,0.211,0.66,0.537,0.004,0.184,-7.516,0.141,121.223,0.533
0,cy,2017-03-27,,,,,,,,,
0,cy,2017-03-28,,,,,,,,,
0,cy,2017-03-30,,,,,,,,,
0,cy,2017-03-29,,,,,,,,,
0,cy,2017-03-10,0.211,0.66,0.537,0.004,0.184,-7.516,0.141,121.223,0.533
0,cy,2017-03-11,0.356,0.682,0.503,0.007,0.168,-6.39,0.215,135.579,0.536
0,cy,2017-03-12,0.01,0.833,0.434,0.022,0.165,-8.795,0.431,150.062,0.281
0,cy,2017-03-13,0.01,0.833,0.434,0.022,0.165,-8.795,0.431,150.062,0.281
0,cy,2017-03-14,0.01,0.833,0.434,0.022,0.165,-8.795,0.431,150.062,0.281
0,cy,2017-05-23,0.195,0.647,0.658,0.001,0.156,-5.814,0.106,117.738,0.57
0,cy,2017-05-25,0.209,0.668,0.651,0.01,0.165,-5.879,0.111,121.443,0.58
0,cy,2017-05-24,0.199,0.655,0.662,0.001,0.137,-5.735,0.097,118.357,0.574
0,cy,2017-05-26,0.196,0.683,0.651,0.011,0.15,-5.722,0.106,118.824,0.607
0,cy,2017-05-28,0.178,0.677,0.662,0.012,0.157,-5.861,0.102,126.687,0.557
0,cy,2017-05-27,0.193,0.678,0.643,0.011,0.148,-5.817,0.112,122.279,0.594
0,cy,2017-05-29,0.234,0.66,0.673,0.013,0.142,-5.717,0.091,121.943,0.553
0,cy,2017-05-31,0.208,0.628,0.662,0.016,0.144,-5.736,0.11,123.781,0.496
0,cy,2017-05-30,0.215,0.648,0.674,0.013,0.139,-5.592,0.098,123.793,0.524
0,cy,2017-06-01,0.165,0.653,0.699,0.001,0.137,-5.075,0.116,114.91,0.578
0,cy,2017-06-05,0.157,0.705,0.662,0.008,0.132,-5.682,0.092,112.074,0.606
0,cy,2017-06-06,0.159,0.725,0.683,0.009,0.135,-5.483,0.092,108.629,0.638
0,cy,2017-06-07,0.245,0.693,0.653,0.031,0.171,-6.142,0.08,117.33,0.575
0,cy,2017-06-10,0.182,0.657,0.688,0.04,0.197,-6.018,0.106,133.724,0.528
0,cy,2017-06-11,0.166,0.671,0.683,0.037,0.194,-6.022,0.106,133.412,0.54
0,cy,2017-06-16,0.193,0.631,0.654,0.011,0.141,-5.83,0.094,130.007,0.473
0,cy,2017-06-17,0.205,0.662,0.626,0.009,0.147,-6.005,0.088,121.101,0.48
0,cy,2017-06-18,0.239,0.639,0.604,0.01,0.15,-6.17,0.083,122.251,0.447
0,cy,2017-06-19,0.185,0.648,0.616,0.01,0.141,-6.101,0.078,123.753,0.456
0,cy,2017-06-20,0.198,0.655,0.618,0.001,0.136,-6.207,0.087,118.357,0.51
0,cy,2017-06-21,0.158,0.692,0.645,0.001,0.138,-5.853,0.09,114.112,0.574
0,cy,2017-06-22,0.151,0.689,0.656,0.001,0.138,-5.869,0.094,115.914,0.57
0,cy,2017-07-24,0.155,0.617,0.706,0.0,0.173,-5.321,0.071,121.467,0.568
0,cy,2017-07-25,0.131,0.639,0.717,0.0,0.2,-5.252,0.069,124.077,0.57
0,cy,2017-07-27,0.122,0.649,0.724,0.0,0.173,-5.655,0.07,127.552,0.576
0,cy,2017-07-26,0.154,0.638,0.71,0.0,0.2,-5.386,0.068,122.811,0.559
0,cy,2017-07-28,0.117,0.652,0.694,0.0,0.166,-5.472,0.068,123.222,0.544
0,cy,2017-07-29,0.112,0.645,0.701,0.0,0.178,-5.455,0.07,122.419,0.568
0,cy,2017-08-07,0.121,0.684,0.662,0.0,0.155,-5.519,0.079,114.226,0.577
0,cy,2018-06-29,0.243,0.653,0.705,0.005,0.163,-5.457,0.101,117.543,0.498
0,cy,2018-06-30,0.229,0.668,0.692,0.0,0.175,-5.311,0.102,116.893,0.501
0,cy,2017-04-01,,,,,,,,,
0,cy,2017-03-31,,,,,,,,,
0,cy,2017-04-02,,,,,,,,,
0,cy,2017-04-25,0.243,0.687,0.659,0.024,0.187,-6.175,0.147,116.093,0.556
0,cy,2017-04-26,0.261,0.683,0.65,0.025,0.194,-6.27,0.149,117.602,0.542
0,cy,2017-04-27,0.183,0.689,0.665,0.003,0.2,-6.226,0.166,110.248,0.546
0,cy,2017-04-28,0.231,0.712,0.686,0.002,0.177,-5.897,0.112,105.466,0.504
0,cy,2017-04-29,0.212,0.711,0.658,0.002,0.17,-6.211,0.107,107.548,0.499
0,cy,2017-04-30,0.216,0.711,0.656,0.002,0.167,-6.095,0.103,108.642,0.496
0,cy,2017-05-01,0.21,0.705,0.636,0.006,0.154,-6.114,0.093,106.314,0.511
0,cy,2017-05-02,0.169,0.702,0.668,0.006,0.157,-5.654,0.094,109.465,0.539
0,cy,2017-05-03,0.203,0.691,0.655,0.017,0.177,-5.815,0.092,112.158,0.521
0,cy,2017-05-04,0.214,0.687,0.65,0.019,0.163,-5.949,0.09,112.941,0.499
0,cy,2017-05-05,0.194,0.679,0.632,0.02,0.167,-6.093,0.091,114.887,0.484
0,cy,2017-05-07,0.21,0.683,0.632,0.02,0.167,-6.172,0.092,116.629,0.483
0,cy,2017-05-06,0.21,0.683,0.632,0.02,0.167,-6.172,0.092,116.629,0.483
0,cy,2017-05-08,0.21,0.682,0.669,0.017,0.172,-5.946,0.095,116.784,0.501
0,cy,2017-05-18,0.31,0.558,0.623,0.002,0.133,-7.259,0.054,105.833,0.438
0,cy,2017-06-12,0.205,0.647,0.641,0.035,0.168,-6.276,0.111,125.832,0.499
0,cy,2017-06-13,0.189,0.631,0.644,0.034,0.179,-6.126,0.116,128.257,0.475
0,cy,2017-06-15,0.189,0.649,0.65,0.013,0.15,-5.734,0.118,127.141,0.455
0,cy,2017-07-10,0.17,0.647,0.656,0.001,0.135,-5.387,0.1,112.077,0.519
0,cy,2017-07-18,0.149,0.655,0.664,0.001,0.156,-5.049,0.106,113.189,0.551
0,cy,2017-07-19,0.117,0.69,0.657,0.001,0.143,-5.096,0.1,117.389,0.551
0,cy,2017-06-27,0.135,0.698,0.674,0.022,0.153,-6.237,0.078,113.401,0.52
0,cy,2017-06-29,0.11,0.677,0.663,0.026,0.157,-6.304,0.071,113.15,0.444
0,cy,2017-06-28,0.104,0.68,0.677,0.023,0.148,-6.205,0.077,112.465,0.469
0,cy,2017-07-03,0.193,0.679,0.643,0.001,0.123,-5.191,0.061,120.065,0.509
0,cy,2017-06-23,0.142,0.703,0.684,0.001,0.172,-5.346,0.091,107.846,0.616
0,cy,2017-06-24,0.102,0.7,0.705,0.019,0.177,-5.345,0.096,108.969,0.61
0,cy,2017-06-25,0.111,0.706,0.692,0.023,0.173,-5.68,0.093,109.136,0.596
0,cy,2017-06-26,0.113,0.695,0.694,0.023,0.184,-5.776,0.078,110.642,0.563
0,cy,2017-05-19,0.274,0.57,0.665,0.001,0.144,-6.439,0.078,110.426,0.487
0,cy,2017-05-20,0.254,0.586,0.68,0.001,0.172,-6.169,0.075,110.605,0.497
0,cy,2017-05-21,0.225,0.611,0.689,0.001,0.159,-5.613,0.075,108.915,0.545
0,cy,2017-05-22,0.197,0.631,0.659,0.001,0.157,-5.772,0.11,114.973,0.549
0,cy,2017-06-03,0.169,0.661,0.674,0.001,0.143,-5.192,0.118,107.561,0.577
0,cy,2017-12-13,0.216,0.544,0.637,0.0,0.164,-5.595,0.073,109.751,0.435
0,cy,2017-12-14,0.232,0.594,0.628,0.0,0.155,-5.953,0.073,116.345,0.456
0,cy,2017-12-15,0.233,0.613,0.566,0.0,0.153,-6.202,0.077,120.771,0.391
0,cy,2018-01-09,0.116,0.707,0.701,0.0,0.109,-5.248,0.112,117.739,0.52
0,cy,2018-01-10,0.13,0.718,0.682,0.0,0.108,-5.295,0.11,116.284,0.558
0,cy,2018-01-11,0.126,0.721,0.682,0.0,0.104,-5.341,0.115,117.418,0.569
0,cy,2018-01-12,0.116,0.729,0.675,0.022,0.118,-5.424,0.111,114.212,0.556
0,cy,2018-01-13,0.116,0.729,0.675,0.022,0.118,-5.424,0.111,114.212,0.556
0,cy,2018-01-14,0.118,0.728,0.683,0.021,0.122,-5.373,0.106,114.93,0.541
0,cy,2018-01-15,0.117,0.735,0.665,0.02,0.119,-5.558,0.107,117.557,0.511
0,cy,2018-04-02,0.283,0.7,0.65,0.0,0.156,-6.103,0.107,118.949,0.481
0,cy,2018-04-03,0.234,0.716,0.664,0.0,0.178,-5.817,0.104,117.39,0.489
0,cy,2018-04-04,0.209,0.71,0.667,0.0,0.19,-5.654,0.098,117.312,0.492
0,cy,2018-04-05,0.231,0.706,0.648,0.0,0.201,-5.819,0.093,119.061,0.461
0,cy,2018-04-06,0.16,0.703,0.66,0.0,0.217,-5.677,0.095,118.869,0.47
0,cy,2018-04-08,0.142,0.699,0.658,0.0,0.202,-5.422,0.076,118.395,0.484
0,cy,2018-04-07,0.16,0.703,0.66,0.0,0.217,-5.677,0.095,118.869,0.47
0,cy,2018-04-09,0.099,0.696,0.711,0.001,0.198,-4.809,0.081,118.611,0.467
0,cy,2018-04-10,0.102,0.686,0.709,0.001,0.176,-5.034,0.082,121.012,0.445
0,cy,2018-04-11,0.141,0.666,0.69,0.001,0.213,-5.643,0.083,125.499,0.437
0,cy,2019-05-18,0.252,0.687,0.591,0.014,0.157,-7.501,0.153,124.314,0.518
0,cy,2017-12-17,0.201,0.626,0.6,0.0,0.151,-6.069,0.092,123.811,0.451
0,cy,2018-03-24,0.15,0.667,0.683,0.001,0.169,-6.074,0.097,116.405,0.441
0,cy,2018-10-10,0.195,0.696,0.642,0.0,0.147,-6.386,0.088,119.768,0.486
0,cy,2018-10-11,0.154,0.676,0.675,0.0,0.163,-5.777,0.124,121.178,0.457
0,cy,2019-04-03,0.149,0.703,0.653,0.0,0.166,-4.885,0.058,102.548,0.574
0,cy,2019-04-04,0.166,0.725,0.676,0.0,0.169,-4.597,0.062,100.787,0.581
0,cy,2019-04-06,0.253,0.791,0.755,0.0,0.145,-4.312,0.096,120.135,0.708
0,cy,2019-04-05,0.189,0.74,0.69,0.0,0.166,-4.543,0.06,104.517,0.607
0,cy,2019-03-12,0.276,0.797,0.641,0.018,0.134,-6.231,0.117,119.906,0.536
0,cy,2019-03-11,0.279,0.771,0.63,0.02,0.143,-5.932,0.121,113.197,0.471
0,cy,2019-03-13,0.278,0.795,0.617,0.015,0.125,-6.182,0.106,115.103,0.536
0,cy,2019-03-14,0.217,0.763,0.619,0.016,0.151,-6.119,0.111,121.383,0.435
0,cy,2019-03-15,0.192,0.748,0.626,0.0,0.154,-5.019,0.068,112.387,0.445
0,cy,2019-03-16,0.296,0.76,0.605,0.023,0.155,-6.184,0.106,115.671,0.45
0,cy,2019-03-17,0.372,0.726,0.546,0.023,0.136,-7.122,0.106,118.671,0.43
0,cy,2017-07-20,0.16,0.658,0.635,0.001,0.16,-5.42,0.087,115.664,0.506
0,cy,2017-07-21,0.166,0.615,0.679,0.001,0.177,-5.386,0.092,120.37,0.481
0,cy,2017-08-28,0.226,0.713,0.568,0.008,0.144,-6.832,0.113,122.997,0.466
0,cy,2017-08-27,0.148,0.686,0.589,0.011,0.136,-6.343,0.113,123.753,0.458
0,cy,2017-08-29,0.219,0.711,0.578,0.007,0.164,-6.715,0.116,122.272,0.479
0,cy,2017-08-30,0.218,0.696,0.571,0.007,0.151,-6.643,0.112,120.805,0.46
0,cy,2017-08-31,0.216,0.691,0.592,0.002,0.181,-6.351,0.126,124.257,0.48
0,cy,2017-09-01,0.191,0.68,0.62,0.001,0.197,-6.019,0.128,121.935,0.452
0,cy,2017-09-02,0.179,0.693,0.628,0.001,0.199,-6.025,0.13,118.846,0.477
0,cy,2017-09-05,0.141,0.67,0.647,0.0,0.158,-5.585,0.107,113.95,0.472
0,cy,2017-06-02,0.158,0.654,0.681,0.001,0.137,-5.194,0.125,111.906,0.577
0,cy,2017-09-24,0.138,0.646,0.65,0.0,0.124,-5.504,0.083,115.41,0.479
0,cy,2017-09-25,0.12,0.662,0.615,0.0,0.125,-5.708,0.097,119.354,0.451
0,cy,2017-09-26,0.168,0.638,0.609,0.0,0.113,-5.745,0.085,115.137,0.424
0,cy,2017-10-21,0.09,0.62,0.651,0.0,0.134,-5.275,0.066,113.191,0.407
0,cy,2017-10-22,0.076,0.611,0.653,0.0,0.138,-5.588,0.063,108.497,0.46
0,cy,2017-08-23,0.246,0.72,0.677,0.0,0.155,-5.175,0.097,116.89,0.596
0,cy,2018-01-26,0.1,0.712,0.649,0.0,0.169,-5.882,0.091,112.375,0.502
0,cy,2018-01-25,0.097,0.699,0.623,0.0,0.167,-6.517,0.088,110.059,0.498
0,cy,2018-01-27,0.078,0.726,0.62,0.0,0.163,-6.807,0.096,110.896,0.549
0,cy,2018-01-28,0.064,0.697,0.652,0.002,0.146,-6.494,0.089,113.942,0.527
0,cy,2018-01-29,0.067,0.682,0.664,0.002,0.142,-6.484,0.125,111.935,0.501
0,cy,2018-01-30,0.142,0.662,0.639,0.024,0.183,-6.737,0.118,117.116,0.468
0,cy,2018-01-31,0.228,0.679,0.572,0.027,0.177,-7.151,0.115,112.042,0.483
0,cy,2018-02-25,0.172,0.699,0.662,0.0,0.195,-5.66,0.106,122.012,0.563
0,cy,2018-02-26,0.184,0.716,0.678,0.001,0.207,-5.643,0.098,120.843,0.525
0,cy,2018-02-28,0.226,0.681,0.643,0.001,0.153,-5.509,0.082,121.828,0.444
0,cy,2018-04-19,0.184,0.668,0.673,0.001,0.193,-5.972,0.083,124.32,0.463
0,cy,2017-11-27,0.185,0.615,0.606,0.001,0.105,-6.223,0.043,119.533,0.414
0,cy,2017-11-28,0.201,0.599,0.61,0.001,0.103,-6.092,0.044,125.581,0.392
0,cy,2017-11-29,0.204,0.607,0.6,0.0,0.105,-5.684,0.047,123.742,0.402
0,cy,2017-11-30,0.166,0.58,0.609,0.0,0.119,-5.553,0.058,130.012,0.379
0,cy,2018-01-17,0.096,0.724,0.685,0.023,0.123,-5.439,0.105,118.364,0.523
0,cy,2018-01-18,0.103,0.703,0.697,0.001,0.117,-5.304,0.103,119.255,0.497
0,cy,2018-01-19,0.082,0.693,0.674,0.001,0.169,-5.091,0.07,120.051,0.489
0,cy,2018-01-20,0.086,0.676,0.707,0.001,0.178,-4.859,0.073,119.315,0.467
0,cy,2018-01-21,0.09,0.699,0.7,0.001,0.189,-4.933,0.095,122.012,0.475
0,cy,2018-01-22,0.078,0.692,0.68,0.0,0.206,-5.653,0.08,117.028,0.504
0,cy,2018-01-16,0.132,0.741,0.674,0.021,0.128,-5.515,0.111,122.605,0.545
0,cy,2018-01-08,0.107,0.717,0.739,0.0,0.11,-4.923,0.123,116.603,0.558
0,cy,2018-03-08,0.186,0.724,0.68,0.026,0.171,-5.395,0.133,107.248,0.532
0,cy,2018-03-09,0.173,0.72,0.69,0.026,0.167,-5.319,0.102,108.503,0.551
0,cy,2018-03-10,0.153,0.746,0.725,0.024,0.159,-4.887,0.133,112.605,0.6
0,cy,2018-03-11,0.153,0.755,0.708,0.024,0.159,-4.936,0.134,113.516,0.592
0,cy,2018-03-12,0.164,0.743,0.691,0.028,0.158,-5.252,0.135,115.968,0.562
0,cy,2018-03-13,0.14,0.727,0.71,0.024,0.164,-5.062,0.131,114.355,0.535
0,cy,2018-03-14,0.168,0.736,0.692,0.02,0.166,-5.212,0.133,111.605,0.525
0,cy,2018-01-23,0.075,0.717,0.683,0.0,0.204,-5.431,0.08,108.79,0.511
0,cy,2018-01-24,0.073,0.701,0.661,0.0,0.175,-6.149,0.085,109.831,0.495
0,cy,2017-12-29,0.298,0.603,0.545,0.0,0.126,-5.895,0.09,116.484,0.365
0,cy,2017-12-28,0.349,0.639,0.55,0.0,0.127,-6.148,0.088,114.224,0.348
0,cy,2017-12-30,0.293,0.591,0.567,0.0,0.131,-5.52,0.092,115.986,0.357
0,cy,2017-12-31,0.345,0.573,0.585,0.0,0.136,-5.962,0.102,119.252,0.399
0,cy,2018-01-01,0.345,0.573,0.585,0.0,0.136,-5.962,0.102,119.252,0.399
0,cy,2018-01-02,0.344,0.596,0.555,0.0,0.134,-6.315,0.107,116.385,0.434
0,cy,2019-07-13,0.237,0.775,0.674,0.014,0.131,-5.815,0.164,120.867,0.579
0,cy,2019-06-07,0.212,0.773,0.689,0.013,0.131,-5.304,0.126,124.017,0.681
0,cy,2019-06-08,0.194,0.773,0.678,0.014,0.132,-5.325,0.133,121.014,0.708
0,cy,2019-06-10,0.219,0.767,0.713,0.013,0.133,-4.992,0.146,117.268,0.738
0,cy,2019-06-09,0.194,0.773,0.678,0.014,0.132,-5.325,0.133,121.014,0.708
0,cy,2018-02-07,0.098,0.617,0.747,0.008,0.163,-5.229,0.075,124.843,0.519
0,cy,2018-02-09,0.109,0.615,0.725,0.001,0.152,-5.394,0.09,121.181,0.44
0,cy,2018-02-08,0.089,0.64,0.763,0.008,0.153,-4.982,0.08,122.338,0.513
0,cy,2018-02-10,0.126,0.631,0.724,0.0,0.153,-5.24,0.114,117.634,0.478
0,cy,2018-02-11,0.106,0.638,0.773,0.0,0.158,-5.092,0.126,116.267,0.561
0,cy,2018-02-12,0.073,0.656,0.766,0.0,0.158,-5.002,0.13,119.052,0.558
0,cy,2018-02-13,0.094,0.653,0.701,0.0,0.169,-5.549,0.123,117.48,0.509
0,cy,2018-08-25,0.125,0.683,0.739,0.0,0.203,-5.132,0.1,105.044,0.575
0,cy,2018-08-24,0.173,0.679,0.771,0.0,0.227,-4.659,0.113,112.166,0.623
0,cy,2018-08-26,0.149,0.682,0.698,0.001,0.198,-5.847,0.102,105.459,0.514
0,cy,2018-08-27,0.148,0.691,0.686,0.001,0.21,-6.178,0.129,110.642,0.497
0,cy,2018-08-28,0.192,0.66,0.685,0.0,0.198,-6.0,0.134,115.941,0.494
0,cy,2018-08-30,0.254,0.67,0.686,0.0,0.129,-5.716,0.133,117.747,0.532
0,cy,2018-08-29,0.221,0.653,0.709,0.0,0.163,-5.572,0.133,121.631,0.532
0,cy,2017-07-30,0.106,0.655,0.686,0.0,0.176,-5.447,0.065,121.394,0.554
0,cy,2017-10-18,0.101,0.579,0.64,0.0,0.148,-5.252,0.055,112.648,0.349
0,cy,2017-10-20,0.085,0.607,0.671,0.0,0.151,-5.156,0.063,115.214,0.411
0,cy,2018-02-20,0.145,0.705,0.725,0.0,0.189,-5.058,0.12,113.3,0.608
0,cy,2018-02-21,0.159,0.695,0.689,0.0,0.207,-5.354,0.099,113.027,0.577
0,cy,2018-02-22,0.148,0.695,0.69,0.0,0.212,-5.465,0.108,121.306,0.606
0,cy,2018-02-23,0.145,0.677,0.658,0.0,0.25,-5.896,0.117,122.481,0.594
0,cy,2018-02-24,0.171,0.696,0.647,0.0,0.215,-5.861,0.114,124.749,0.591
0,cy,2018-11-13,0.384,0.711,0.602,0.0,0.139,-6.579,0.135,110.851,0.426
0,cy,2018-11-14,0.384,0.711,0.602,0.0,0.139,-6.579,0.135,110.851,0.426
0,cy,2018-11-15,0.33,0.703,0.637,0.0,0.146,-6.224,0.14,109.181,0.442
0,cy,2018-11-16,0.33,0.703,0.637,0.0,0.146,-6.224,0.14,109.181,0.442
0,cy,2018-11-17,0.265,0.715,0.636,0.0,0.124,-6.176,0.157,116.28,0.413
0,cy,2018-11-18,0.242,0.756,0.625,0.0,0.115,-5.919,0.15,119.794,0.43
0,cy,2018-11-19,0.343,0.67,0.567,0.0,0.135,-6.934,0.107,113.904,0.396
0,cy,2017-12-11,0.206,0.593,0.732,0.011,0.131,-5.869,0.096,111.471,0.479
0,cy,2017-07-22,0.184,0.624,0.689,0.0,0.174,-5.31,0.064,118.536,0.529
0,cy,2017-08-08,0.165,0.709,0.668,0.0,0.15,-5.524,0.069,114.952,0.563
0,cy,2017-08-09,0.197,0.716,0.649,0.0,0.167,-5.608,0.069,114.546,0.56
0,cy,2017-08-10,0.173,0.684,0.674,0.0,0.196,-5.571,0.07,114.011,0.509
0,cy,2017-08-11,0.124,0.684,0.703,0.0,0.203,-4.932,0.076,114.068,0.499
0,cy,2017-08-13,0.133,0.689,0.721,0.0,0.209,-4.769,0.078,111.877,0.532
0,cy,2017-08-12,0.133,0.689,0.721,0.0,0.209,-4.769,0.078,111.877,0.532
0,cy,2017-08-14,0.091,0.659,0.698,0.0,0.186,-5.119,0.071,112.866,0.493
0,cy,2017-09-03,0.162,0.674,0.655,0.0,0.195,-5.417,0.119,113.179,0.504
0,cy,2017-09-04,0.151,0.687,0.647,0.0,0.182,-5.595,0.12,115.954,0.487
0,cy,2017-09-07,0.186,0.653,0.63,0.0,0.162,-5.578,0.095,109.335,0.458
0,cy,2017-09-08,0.104,0.664,0.7,0.0,0.158,-5.312,0.081,114.514,0.489
0,cy,2017-09-09,0.154,0.641,0.693,0.0,0.152,-5.256,0.067,111.414,0.451
0,cy,2017-09-10,0.147,0.642,0.684,0.0,0.148,-5.351,0.067,110.264,0.425
0,cy,2017-09-12,0.249,0.653,0.625,0.0,0.133,-5.638,0.059,101.707,0.473
0,cy,2017-09-11,0.211,0.647,0.661,0.0,0.152,-5.339,0.058,110.928,0.467
0,cy,2017-09-13,0.279,0.658,0.617,0.0,0.166,-5.814,0.07,104.52,0.48
0,cy,2017-08-19,0.162,0.645,0.655,0.0,0.132,-5.582,0.058,109.783,0.48
0,cy,2017-08-20,0.155,0.654,0.653,0.0,0.148,-5.59,0.075,110.486,0.486
0,cy,2017-08-22,0.232,0.696,0.64,0.0,0.154,-5.565,0.077,113.425,0.516
0,cy,2017-08-24,0.244,0.719,0.612,0.01,0.155,-6.104,0.079,118.043,0.514
0,cy,2017-08-25,0.19,0.712,0.622,0.01,0.154,-5.845,0.077,114.125,0.496
0,cy,2017-08-15,0.053,0.647,0.695,0.0,0.192,-5.201,0.07,113.911,0.445
0,cy,2017-08-16,0.068,0.632,0.705,0.0,0.163,-5.489,0.068,112.838,0.447
0,cy,2017-08-17,0.068,0.641,0.709,0.0,0.127,-5.449,0.07,113.148,0.456
0,cy,2017-08-18,0.127,0.645,0.655,0.0,0.121,-5.723,0.058,112.546,0.468
0,cy,2017-08-21,0.216,0.697,0.648,0.0,0.153,-5.422,0.076,112.203,0.513
0,cy,2017-09-06,0.16,0.662,0.632,0.0,0.17,-5.597,0.097,112.131,0.453
0,cy,2017-12-08,0.262,0.615,0.612,0.0,0.133,-6.5,0.091,116.283,0.439
0,cy,2017-12-07,0.277,0.632,0.587,0.0,0.14,-6.634,0.076,118.563,0.402
0,cy,2017-12-10,0.217,0.591,0.678,0.0,0.137,-5.61,0.126,116.89,0.458
0,cy,2017-12-09,0.265,0.612,0.666,0.0,0.137,-5.727,0.117,117.861,0.463
0,cy,2017-12-16,0.246,0.601,0.56,0.0,0.138,-6.245,0.093,128.566,0.408
0,cy,2017-12-18,0.253,0.604,0.541,0.023,0.174,-6.667,0.118,124.004,0.391
0,cy,2017-12-19,0.224,0.607,0.554,0.025,0.165,-6.769,0.142,130.933,0.406
0,cy,2017-12-20,0.207,0.599,0.557,0.023,0.161,-6.591,0.133,130.02,0.39
0,cy,2017-12-21,0.211,0.555,0.553,0.021,0.234,-6.92,0.121,121.876,0.358
0,cy,2017-12-23,0.218,0.633,0.59,0.019,0.217,-6.747,0.12,119.981,0.37
0,cy,2017-12-22,0.232,0.601,0.592,0.021,0.242,-6.595,0.122,118.409,0.389
0,cy,2017-12-24,0.228,0.635,0.568,0.019,0.22,-6.82,0.107,115.092,0.343
0,cy,2017-12-25,0.297,0.641,0.573,0.016,0.204,-6.589,0.114,119.287,0.392
0,cy,2017-12-26,0.302,0.64,0.577,0.015,0.203,-6.4,0.104,116.913,0.369
0,cy,2018-10-04,0.276,0.68,0.638,0.0,0.147,-6.466,0.132,118.213,0.482
0,cy,2018-03-16,0.214,0.708,0.671,0.0,0.176,-5.63,0.122,107.074,0.466
0,cy,2018-03-18,0.252,0.697,0.635,0.0,0.185,-6.122,0.132,105.357,0.439
0,cy,2018-03-17,0.231,0.708,0.66,0.0,0.167,-5.78,0.125,104.089,0.445
0,cy,2017-09-29,0.226,0.622,0.608,0.0,0.127,-5.56,0.071,112.696,0.453
0,cy,2017-10-01,0.275,0.604,0.582,0.0,0.158,-6.106,0.064,118.973,0.372
0,cy,2018-03-27,0.225,0.679,0.695,0.001,0.154,-5.859,0.112,112.275,0.51
0,cy,2018-03-28,0.263,0.661,0.665,0.001,0.136,-5.94,0.103,112.515,0.461
0,cy,2017-12-27,0.338,0.647,0.579,0.017,0.216,-6.494,0.093,115.284,0.375
0,cy,2018-02-01,0.231,0.672,0.549,0.027,0.177,-7.292,0.107,109.501,0.497
0,cy,2018-02-02,0.221,0.703,0.554,0.032,0.169,-6.845,0.106,112.558,0.546
0,cy,2018-02-03,0.206,0.664,0.59,0.026,0.165,-6.62,0.096,115.603,0.508
0,cy,2018-02-04,0.209,0.66,0.626,0.027,0.183,-6.359,0.1,114.119,0.537
0,cy,2018-02-05,0.287,0.643,0.621,0.025,0.174,-6.244,0.099,117.138,0.519
0,cy,2018-05-30,0.267,0.677,0.641,0.019,0.232,-5.607,0.072,117.092,0.481
0,cy,2018-05-29,0.258,0.688,0.63,0.018,0.24,-5.641,0.076,117.275,0.485
0,cy,2018-05-31,0.319,0.668,0.617,0.018,0.208,-5.885,0.074,115.288,0.451
0,cy,2018-07-09,0.224,0.674,0.629,0.014,0.203,-6.312,0.128,122.978,0.405
0,cy,2018-09-18,0.217,0.593,0.672,0.029,0.207,-6.633,0.103,121.907,0.357
0,cy,2018-09-19,0.224,0.616,0.697,0.025,0.187,-6.148,0.096,120.518,0.408
0,cy,2018-09-20,0.302,0.591,0.661,0.029,0.182,-6.517,0.057,121.702,0.401
0,cy,2019-02-14,0.447,0.606,0.495,0.036,0.21,-7.53,0.066,126.327,0.385
0,cy,2019-02-15,0.45,0.589,0.479,0.025,0.221,-7.689,0.066,122.423,0.334
0,cy,2019-11-06,0.403,0.612,0.574,0.054,0.218,-7.375,0.062,111.479,0.417
0,cy,2019-11-07,0.376,0.604,0.569,0.047,0.218,-7.402,0.058,108.172,0.415
0,cy,2019-11-08,0.302,0.599,0.61,0.054,0.244,-7.419,0.052,109.408,0.416
0,cy,2019-11-09,0.286,0.629,0.583,0.047,0.231,-7.479,0.056,111.978,0.426
0,cy,2019-11-11,0.338,0.623,0.56,0.046,0.265,-7.361,0.054,106.79,0.38
0,cy,2019-11-10,0.315,0.654,0.536,0.04,0.247,-7.438,0.058,110.102,0.396
0,cy,2018-06-01,0.234,0.664,0.657,0.0,0.173,-5.306,0.072,117.088,0.451
0,cy,2018-06-02,0.295,0.683,0.631,0.0,0.145,-5.732,0.074,120.006,0.491
0,cy,2018-06-03,0.253,0.619,0.678,0.0,0.169,-5.58,0.078,120.959,0.496
0,cy,2018-06-04,0.261,0.661,0.669,0.0,0.16,-5.559,0.091,118.778,0.485
0,cy,2018-06-05,0.274,0.65,0.678,0.0,0.159,-5.33,0.086,118.741,0.466
0,cy,2018-06-06,0.236,0.631,0.708,0.0,0.162,-5.174,0.087,117.757,0.478
0,cy,2018-12-21,0.289,0.717,0.654,0.0,0.139,-6.005,0.118,116.883,0.489
0,cy,2018-12-20,0.379,0.721,0.587,0.0,0.128,-6.857,0.115,117.912,0.511
0,cy,2018-12-22,0.296,0.704,0.63,0.0,0.147,-6.037,0.11,114.966,0.474
0,cy,2018-12-23,0.348,0.726,0.6,0.0,0.147,-6.376,0.111,108.213,0.463
0,cy,2018-12-24,0.307,0.721,0.63,0.0,0.161,-5.987,0.133,112.208,0.457
0,cy,2019-01-09,0.382,0.706,0.598,0.007,0.112,-6.137,0.063,105.797,0.535
0,cy,2019-01-08,0.336,0.722,0.636,0.008,0.114,-5.526,0.063,104.396,0.561
0,cy,2019-01-10,0.384,0.691,0.575,0.008,0.112,-6.644,0.051,107.053,0.532
0,cy,2018-03-23,0.148,0.645,0.67,0.001,0.169,-6.062,0.098,115.083,0.422
0,cy,2018-02-06,0.168,0.628,0.689,0.008,0.161,-5.549,0.078,125.35,0.521
0,cy,2018-02-14,0.1,0.651,0.692,0.0,0.178,-5.609,0.13,115.965,0.508
0,cy,2018-02-15,0.115,0.653,0.691,0.0,0.174,-5.428,0.126,119.905,0.481
0,cy,2018-02-16,0.108,0.667,0.692,0.0,0.169,-5.405,0.1,121.505,0.492
0,cy,2018-09-06,0.258,0.696,0.685,0.0,0.135,-5.537,0.12,115.242,0.473
0,cy,2018-10-12,0.22,0.686,0.673,0.001,0.17,-5.659,0.116,120.551,0.539
0,cy,2018-10-13,0.244,0.678,0.644,0.0,0.16,-6.422,0.109,121.685,0.535
0,cy,2018-10-14,0.275,0.693,0.658,0.001,0.144,-6.117,0.102,118.829,0.527
0,cy,2018-10-15,0.251,0.722,0.676,0.001,0.152,-5.635,0.141,114.43,0.53
0,cy,2018-10-16,0.277,0.739,0.639,0.001,0.164,-6.216,0.159,117.521,0.509
0,cy,2018-10-17,0.338,0.742,0.601,0.001,0.162,-6.735,0.157,123.125,0.473
0,cy,2019-10-03,0.321,0.665,0.644,0.0,0.137,-5.251,0.192,124.133,0.532
0,cy,2019-10-05,0.277,0.692,0.67,0.0,0.133,-5.28,0.178,119.773,0.535
0,cy,2019-10-04,0.277,0.692,0.67,0.0,0.133,-5.28,0.178,119.773,0.535
0,cy,2019-10-06,0.309,0.751,0.644,0.0,0.128,-5.59,0.122,105.708,0.502
0,cy,2018-06-20,0.282,0.673,0.647,0.0,0.184,-5.798,0.087,120.797,0.482
0,cy,2018-06-21,0.282,0.671,0.644,0.0,0.185,-5.824,0.102,119.765,0.454
0,cy,2018-06-22,0.284,0.678,0.655,0.0,0.18,-5.841,0.106,118.963,0.475
0,cy,2018-06-23,0.282,0.67,0.645,0.0,0.194,-5.827,0.101,119.546,0.45
0,cy,2018-06-25,0.203,0.682,0.671,0.0,0.185,-5.345,0.101,115.89,0.48
0,cy,2018-06-26,0.223,0.692,0.677,0.0,0.177,-5.279,0.098,116.181,0.509
0,cy,2019-06-22,0.21,0.75,0.55,0.065,0.095,-8.003,0.21,118.542,0.702
0,cy,2019-06-23,0.091,0.798,0.675,0.0,0.089,-5.041,0.044,101.956,0.842
0,cy,2019-06-26,0.16,0.778,0.658,0.026,0.09,-5.812,0.172,112.561,0.676
0,cy,2019-06-27,0.224,0.799,0.661,0.022,0.085,-5.417,0.179,109.885,0.637
0,cy,2019-06-28,0.224,0.799,0.661,0.022,0.085,-5.417,0.179,109.885,0.637
0,cy,2018-01-07,0.122,0.756,0.703,0.0,0.11,-5.517,0.132,120.917,0.522
0,cy,2019-10-12,0.341,0.715,0.555,0.0,0.128,-6.41,0.092,112.872,0.46
0,cy,2019-10-13,0.217,0.723,0.637,0.0,0.117,-5.981,0.086,107.901,0.449
0,cy,2019-10-14,0.321,0.73,0.584,0.0,0.111,-6.186,0.081,105.087,0.47
0,cy,2019-10-15,0.354,0.781,0.564,0.0,0.118,-6.437,0.078,103.991,0.495
0,cy,2019-10-16,0.354,0.781,0.564,0.0,0.118,-6.437,0.078,103.991,0.495
0,cy,2019-10-17,0.3,0.729,0.587,0.019,0.19,-6.758,0.115,109.3,0.469
0,cy,2018-06-16,0.18,0.669,0.679,0.0,0.159,-5.434,0.096,112.655,0.477
0,cy,2019-09-23,0.274,0.732,0.611,0.024,0.129,-6.094,0.162,135.621,0.478
0,cy,2018-10-27,0.266,0.687,0.67,0.001,0.154,-5.681,0.086,112.091,0.501
0,cy,2018-10-28,0.197,0.726,0.695,0.001,0.162,-5.449,0.101,119.695,0.505
0,cy,2018-03-25,0.162,0.657,0.695,0.001,0.175,-5.769,0.102,115.185,0.451
0,cy,2018-03-26,0.138,0.647,0.703,0.001,0.162,-5.564,0.09,114.177,0.435
0,cy,2018-03-29,0.254,0.695,0.68,0.0,0.117,-5.541,0.112,110.03,0.502
0,cy,2018-03-30,0.28,0.705,0.656,0.0,0.115,-5.855,0.112,109.201,0.477
0,cy,2018-03-31,0.3,0.707,0.646,0.001,0.119,-5.953,0.094,111.351,0.47
0,cy,2018-04-01,0.3,0.708,0.65,0.0,0.133,-6.009,0.109,110.982,0.467
0,cy,2017-09-16,0.252,0.67,0.61,0.0,0.166,-6.108,0.087,106.121,0.474
0,cy,2017-09-27,0.172,0.637,0.615,0.0,0.115,-5.679,0.086,116.303,0.417
0,cy,2017-09-28,0.235,0.623,0.596,0.0,0.125,-5.935,0.081,111.737,0.406
0,cy,2017-09-30,0.245,0.606,0.554,0.001,0.143,-6.57,0.064,123.882,0.35
0,cy,2017-11-11,0.159,0.667,0.626,0.0,0.126,-5.819,0.042,114.819,0.405
0,cy,2017-11-13,0.168,0.705,0.591,0.0,0.108,-5.78,0.042,110.529,0.478
0,cy,2017-11-12,0.179,0.682,0.612,0.0,0.115,-5.444,0.047,114.459,0.454
0,cy,2017-11-15,0.159,0.679,0.63,0.0,0.143,-5.756,0.05,113.811,0.427
0,cy,2017-08-26,0.173,0.679,0.605,0.011,0.137,-6.199,0.091,122.807,0.469
0,cy,2017-12-03,0.289,0.619,0.565,0.0,0.149,-6.802,0.057,126.397,0.436
0,cy,2017-12-04,0.331,0.641,0.55,0.0,0.156,-6.962,0.061,118.649,0.454
0,cy,2017-12-05,0.331,0.641,0.55,0.0,0.156,-6.962,0.061,118.649,0.454
0,cy,2017-12-06,0.271,0.647,0.611,0.0,0.147,-6.348,0.065,120.213,0.448
0,cy,2018-05-01,0.117,0.676,0.657,0.001,0.212,-6.317,0.082,130.872,0.45
0,cy,2018-05-03,0.177,0.704,0.677,0.001,0.194,-5.953,0.101,126.445,0.456
0,cy,2018-05-04,0.152,0.701,0.696,0.002,0.165,-5.458,0.085,122.18,0.481
0,cy,2018-05-05,0.167,0.7,0.721,0.002,0.125,-5.242,0.086,123.132,0.5
0,cy,2018-05-06,0.173,0.666,0.718,0.001,0.124,-5.114,0.081,120.593,0.445
0,cy,2018-05-07,0.233,0.686,0.719,0.0,0.143,-5.443,0.097,112.708,0.466
0,cy,2017-10-10,0.146,0.609,0.627,0.007,0.168,-6.413,0.053,119.124,0.435
0,cy,2017-10-11,0.149,0.609,0.682,0.0,0.147,-5.675,0.054,116.613,0.426
0,cy,2017-10-12,0.125,0.579,0.705,0.0,0.165,-5.566,0.057,118.516,0.444
0,cy,2017-10-13,0.12,0.604,0.667,0.0,0.161,-5.709,0.051,111.441,0.437
0,cy,2017-10-14,0.12,0.621,0.65,0.0,0.13,-5.621,0.052,111.372,0.446
0,cy,2017-10-15,0.125,0.628,0.666,0.0,0.123,-5.457,0.054,111.444,0.408
0,cy,2017-10-16,0.121,0.596,0.673,0.0,0.129,-5.366,0.052,111.518,0.376
0,cy,2017-10-17,0.096,0.59,0.677,0.0,0.128,-5.282,0.052,112.85,0.355
0,cy,2017-10-19,0.093,0.593,0.645,0.0,0.148,-5.311,0.056,112.912,0.369
0,cy,2017-10-23,0.091,0.6,0.656,0.0,0.153,-5.421,0.072,112.681,0.394
0,cy,2017-10-24,0.115,0.645,0.658,0.0,0.157,-5.201,0.071,103.778,0.45
0,cy,2017-11-05,0.111,0.596,0.679,0.0,0.139,-5.726,0.055,116.468,0.401
0,cy,2017-11-06,0.143,0.611,0.652,0.0,0.138,-5.631,0.056,119.15,0.382
0,cy,2017-11-07,0.124,0.586,0.668,0.0,0.145,-5.601,0.055,117.82,0.384
0,cy,2017-11-08,0.147,0.584,0.649,0.0,0.142,-5.72,0.054,120.562,0.365
0,cy,2017-11-09,0.147,0.584,0.649,0.0,0.142,-5.72,0.054,120.562,0.365
0,cy,2017-11-10,0.151,0.66,0.636,0.0,0.145,-6.037,0.046,115.369,0.367
0,cy,2017-11-21,0.23,0.664,0.614,0.017,0.143,-6.142,0.076,115.226,0.456
0,cy,2017-11-22,0.216,0.67,0.614,0.017,0.144,-6.263,0.079,114.862,0.478
0,cy,2017-11-23,0.217,0.695,0.612,0.019,0.146,-6.172,0.067,109.889,0.47
0,cy,2017-11-24,0.202,0.706,0.606,0.019,0.116,-6.16,0.062,113.712,0.469
0,cy,2017-11-25,0.182,0.674,0.614,0.001,0.106,-6.121,0.055,117.087,0.451
0,cy,2017-11-26,0.195,0.641,0.62,0.001,0.118,-6.001,0.043,112.559,0.432
0,cy,2018-03-01,0.224,0.677,0.632,0.001,0.182,-5.931,0.078,114.085,0.41
0,cy,2018-03-02,0.233,0.692,0.614,0.0,0.158,-5.965,0.106,110.727,0.447
0,cy,2018-03-03,0.235,0.683,0.612,0.0,0.156,-5.99,0.1,108.31,0.417
0,cy,2018-03-05,0.138,0.675,0.643,0.0,0.162,-5.457,0.109,106.059,0.457
0,cy,2018-03-04,0.182,0.649,0.595,0.0,0.161,-6.044,0.11,112.709,0.385
0,cy,2018-03-06,0.17,0.705,0.664,0.0,0.168,-5.919,0.126,102.443,0.495
0,cy,2018-03-07,0.17,0.705,0.664,0.0,0.168,-5.919,0.126,102.443,0.495
0,cy,2018-06-14,0.238,0.704,0.672,0.0,0.182,-5.316,0.093,119.378,0.528
0,cy,2018-06-15,0.186,0.685,0.691,0.001,0.186,-5.007,0.1,114.463,0.458
0,cy,2018-06-17,0.179,0.649,0.682,0.0,0.158,-5.446,0.095,111.221,0.452
0,cy,2018-06-18,0.198,0.664,0.685,0.0,0.167,-5.651,0.099,111.519,0.449
0,cy,2018-06-19,0.257,0.677,0.661,0.0,0.161,-5.911,0.1,113.116,0.461
0,cy,2018-09-17,0.169,0.626,0.679,0.009,0.169,-6.605,0.114,112.399,0.37
0,cy,2018-09-21,0.156,0.67,0.725,0.0,0.169,-5.327,0.105,120.818,0.464
0,cy,2018-09-22,0.134,0.662,0.731,0.0,0.175,-5.299,0.105,117.604,0.465
0,cy,2018-09-23,0.139,0.648,0.723,0.0,0.169,-5.353,0.102,116.282,0.449
0,cy,2018-10-05,0.247,0.669,0.649,0.0,0.154,-6.546,0.127,115.314,0.448
0,cy,2018-10-06,0.247,0.669,0.649,0.0,0.154,-6.546,0.127,115.314,0.448
0,cy,2018-10-07,0.213,0.674,0.67,0.0,0.151,-6.201,0.129,117.886,0.467
0,cy,2018-10-08,0.176,0.693,0.671,0.0,0.148,-6.189,0.148,118.443,0.45
0,cy,2018-10-09,0.231,0.709,0.646,0.001,0.142,-6.083,0.109,114.193,0.494
0,cy,2018-11-20,0.325,0.617,0.55,0.0,0.146,-7.408,0.092,113.452,0.403
0,cy,2018-11-21,0.323,0.631,0.576,0.0,0.155,-7.226,0.099,119.306,0.432
0,cy,2019-01-11,0.378,0.696,0.535,0.0,0.113,-6.824,0.051,104.28,0.488
0,cy,2019-01-12,0.331,0.652,0.541,0.01,0.121,-7.107,0.049,106.402,0.457
0,cy,2019-01-13,0.322,0.66,0.545,0.008,0.135,-7.275,0.048,108.298,0.484
0,cy,2019-01-16,0.286,0.709,0.547,0.001,0.137,-6.507,0.053,111.274,0.452
0,cy,2019-01-17,0.288,0.707,0.548,0.001,0.142,-6.418,0.061,110.859,0.481
0,cy,2019-01-18,0.261,0.706,0.586,0.001,0.156,-6.047,0.092,114.059,0.472
0,cy,2019-01-19,0.278,0.718,0.591,0.0,0.15,-5.884,0.1,112.962,0.47
0,cy,2019-01-20,0.244,0.699,0.626,0.0,0.201,-5.505,0.111,114.016,0.457
0,cy,2019-01-21,0.272,0.696,0.629,0.001,0.213,-5.799,0.118,120.087,0.509
0,cy,2019-01-22,0.273,0.698,0.631,0.001,0.206,-5.788,0.114,119.149,0.504
0,cy,2017-10-02,0.259,0.581,0.585,0.0,0.163,-6.193,0.068,122.304,0.337
0,cy,2018-08-31,0.287,0.682,0.674,0.0,0.125,-5.596,0.124,119.438,0.475
0,cy,2018-09-01,0.302,0.671,0.68,0.0,0.127,-5.494,0.124,120.63,0.482
0,cy,2018-09-02,0.31,0.7,0.669,0.0,0.129,-5.664,0.128,118.911,0.479
0,cy,2018-09-03,0.288,0.705,0.683,0.0,0.132,-5.553,0.12,117.37,0.496
0,cy,2019-06-03,0.326,0.705,0.622,0.019,0.124,-7.189,0.172,124.56,0.618
0,cy,2019-06-04,0.26,0.74,0.686,0.022,0.12,-5.63,0.169,125.501,0.706
0,cy,2019-06-05,0.216,0.762,0.69,0.022,0.102,-5.584,0.165,130.346,0.698
0,cy,2019-06-06,0.212,0.773,0.689,0.013,0.131,-5.304,0.126,124.017,0.681
0,cy,2019-06-11,0.238,0.772,0.706,0.014,0.143,-5.157,0.15,120.185,0.714
0,cy,2019-10-09,0.271,0.744,0.616,0.0,0.124,-6.165,0.096,109.147,0.482
0,cy,2018-04-17,0.259,0.647,0.629,0.002,0.164,-6.002,0.073,126.897,0.428
0,cy,2018-04-20,0.181,0.656,0.691,0.001,0.196,-5.804,0.077,124.462,0.456
0,cy,2018-04-21,0.188,0.642,0.669,0.001,0.175,-5.911,0.069,121.45,0.429
0,cy,2018-04-22,0.193,0.638,0.673,0.001,0.173,-5.807,0.068,121.781,0.437
0,cy,2017-10-25,0.143,0.652,0.699,0.0,0.188,-4.376,0.071,106.349,0.536
0,cy,2017-11-16,0.237,0.657,0.633,0.0,0.145,-5.864,0.067,108.479,0.406
0,cy,2019-05-27,0.201,0.749,0.72,0.022,0.117,-5.592,0.123,124.509,0.738
0,cy,2019-05-28,0.275,0.713,0.65,0.019,0.121,-7.157,0.132,123.71,0.645
0,cy,2019-05-29,0.312,0.686,0.656,0.022,0.122,-7.423,0.137,121.655,0.646
0,cy,2019-05-30,0.366,0.654,0.64,0.026,0.125,-7.894,0.153,118.395,0.585
0,cy,2019-05-31,0.43,0.632,0.554,0.022,0.148,-9.551,0.167,117.255,0.497
0,cy,2019-06-01,0.483,0.611,0.491,0.026,0.17,-10.859,0.192,121.9,0.473
0,cy,2019-06-02,0.317,0.683,0.657,0.019,0.123,-7.106,0.177,130.863,0.619
0,cy,2019-10-19,0.354,0.781,0.564,0.0,0.118,-6.437,0.078,103.991,0.495
0,cy,2019-10-20,0.275,0.725,0.626,0.0,0.186,-5.819,0.075,106.896,0.512
0,cy,2019-10-22,0.348,0.754,0.639,0.0,0.218,-5.913,0.077,99.015,0.515
0,cy,2019-10-21,0.319,0.674,0.674,0.0,0.216,-5.291,0.072,104.063,0.484
0,cy,2019-10-23,0.315,0.708,0.646,0.0,0.194,-5.75,0.079,100.94,0.487
0,cy,2019-10-24,0.378,0.75,0.603,0.0,0.105,-6.069,0.087,99.124,0.535
0,cy,2019-10-25,0.378,0.75,0.603,0.0,0.105,-6.069,0.087,99.124,0.535
0,cy,2017-10-09,0.124,0.632,0.649,0.007,0.171,-5.919,0.055,122.198,0.436
0,cy,2017-11-01,0.125,0.636,0.652,0.0,0.128,-5.482,0.065,121.041,0.453
0,cy,2017-10-03,0.218,0.627,0.618,0.0,0.166,-5.658,0.067,121.674,0.354
0,cy,2017-10-04,0.17,0.617,0.611,0.007,0.164,-6.266,0.067,122.946,0.365
0,cy,2017-10-05,0.182,0.615,0.63,0.006,0.162,-5.981,0.067,122.846,0.405
0,cy,2017-10-06,0.173,0.626,0.622,0.007,0.165,-6.354,0.069,125.287,0.436
0,cy,2018-02-27,0.207,0.68,0.643,0.001,0.173,-5.297,0.088,125.413,0.492
0,cy,2017-11-18,0.217,0.682,0.618,0.028,0.15,-5.742,0.07,107.471,0.499
0,cy,2017-11-19,0.22,0.677,0.611,0.021,0.141,-6.019,0.082,116.554,0.455
0,cy,2019-06-12,0.241,0.768,0.698,0.019,0.148,-5.361,0.137,111.248,0.72
0,cy,2019-06-13,0.262,0.773,0.67,0.022,0.163,-5.812,0.15,114.124,0.731
0,cy,2017-10-27,0.148,0.611,0.679,0.0,0.179,-4.593,0.065,118.471,0.501
0,cy,2017-10-26,0.156,0.65,0.702,0.0,0.196,-4.519,0.071,107.279,0.525
0,cy,2017-10-28,0.164,0.584,0.665,0.0,0.184,-5.225,0.062,118.983,0.489
0,cy,2017-10-30,0.122,0.627,0.649,0.0,0.17,-5.633,0.071,125.065,0.464
0,cy,2017-10-31,0.133,0.614,0.652,0.0,0.159,-5.523,0.072,121.774,0.434
0,cy,2018-02-17,0.124,0.657,0.726,0.0,0.217,-4.914,0.102,116.05,0.542
0,cy,2018-02-19,0.143,0.682,0.723,0.0,0.192,-5.39,0.125,112.589,0.567
0,cy,2018-02-18,0.111,0.674,0.728,0.0,0.199,-5.008,0.102,117.329,0.557
0,cy,2018-03-22,0.205,0.642,0.593,0.002,0.205,-7.261,0.101,114.742,0.387
0,cy,2019-02-19,0.248,0.722,0.665,0.0,0.175,-5.218,0.093,119.94,0.469
0,cy,2019-02-20,0.238,0.726,0.674,0.0,0.18,-5.153,0.099,117.151,0.483
0,cy,2019-02-21,0.245,0.696,0.648,0.0,0.173,-5.382,0.091,119.339,0.451
0,cy,2019-02-22,0.237,0.709,0.662,0.0,0.163,-5.271,0.104,117.207,0.466
0,cy,2018-10-18,0.329,0.672,0.602,0.001,0.15,-7.317,0.112,120.772,0.427
0,cy,2018-10-19,0.311,0.685,0.603,0.001,0.148,-7.145,0.106,125.393,0.424
0,cy,2018-10-20,0.319,0.674,0.608,0.0,0.148,-6.867,0.113,126.096,0.4
0,cy,2019-03-01,0.363,0.751,0.576,0.044,0.142,-6.558,0.1,108.185,0.462
0,cy,2019-03-04,0.263,0.745,0.663,0.021,0.145,-5.768,0.118,115.785,0.509
0,cy,2019-03-05,0.208,0.721,0.699,0.008,0.147,-5.046,0.128,115.803,0.506
0,cy,2019-03-06,0.235,0.709,0.697,0.01,0.134,-5.241,0.134,113.954,0.491
0,cy,2019-04-17,0.376,0.645,0.584,0.0,0.174,-6.173,0.121,127.705,0.54
0,cy,2019-07-03,0.253,0.79,0.667,0.016,0.127,-5.569,0.125,114.687,0.611
0,cy,2019-07-04,0.232,0.795,0.681,0.014,0.126,-5.553,0.123,112.83,0.604
0,cy,2019-07-05,0.232,0.795,0.681,0.014,0.126,-5.553,0.123,112.83,0.604
0,cy,2019-07-06,0.21,0.81,0.652,0.014,0.101,-5.758,0.128,118.387,0.608
0,cy,2019-07-07,0.244,0.791,0.694,0.019,0.097,-5.327,0.138,112.215,0.651
0,cy,2019-07-08,0.215,0.788,0.692,0.016,0.092,-5.362,0.127,108.816,0.658
0,cy,2019-07-09,0.19,0.806,0.655,0.013,0.097,-5.743,0.12,115.051,0.618
0,cy,2019-02-12,0.408,0.653,0.55,0.0,0.23,-6.874,0.101,120.129,0.406
0,cy,2019-02-13,0.418,0.67,0.534,0.012,0.162,-6.932,0.087,117.297,0.442
0,cy,2019-02-16,0.331,0.669,0.544,0.0,0.2,-6.927,0.061,110.6,0.419
0,cy,2019-02-17,0.25,0.692,0.603,0.0,0.206,-5.892,0.059,113.23,0.436
0,cy,2019-02-18,0.314,0.701,0.614,0.0,0.168,-6.023,0.09,120.309,0.445
0,cy,2018-03-19,0.326,0.697,0.594,0.001,0.166,-6.653,0.147,107.138,0.449
0,cy,2018-03-20,0.331,0.679,0.581,0.002,0.151,-6.953,0.126,104.897,0.441
0,cy,2018-05-27,0.217,0.663,0.644,0.0,0.208,-5.662,0.071,116.343,0.49
0,cy,2018-05-28,0.218,0.692,0.643,0.0,0.195,-5.538,0.073,113.847,0.513
0,cy,2019-01-24,0.271,0.711,0.675,0.008,0.204,-5.69,0.117,118.733,0.567
0,cy,2019-01-26,0.321,0.67,0.62,0.0,0.254,-6.747,0.069,116.935,0.512
0,cy,2018-01-04,0.288,0.666,0.637,0.0,0.129,-6.054,0.11,109.997,0.478
0,cy,2018-01-03,0.262,0.614,0.615,0.0,0.121,-6.115,0.107,118.103,0.45
0,cy,2017-12-12,0.228,0.567,0.713,0.0,0.142,-5.086,0.075,104.52,0.483
0,cy,2019-11-03,0.347,0.661,0.549,0.0,0.126,-6.511,0.064,95.809,0.368
0,cy,2019-11-04,0.249,0.682,0.559,0.0,0.144,-6.947,0.063,101.994,0.41
0,cy,2019-11-05,0.231,0.657,0.598,0.011,0.141,-7.038,0.061,104.563,0.435
0,cy,2019-03-07,0.218,0.718,0.701,0.009,0.141,-5.034,0.132,112.788,0.495
0,cy,2019-03-08,0.239,0.732,0.678,0.024,0.147,-5.576,0.119,111.384,0.492
0,cy,2019-03-09,0.229,0.738,0.666,0.024,0.151,-5.798,0.122,116.107,0.489
0,cy,2019-03-10,0.229,0.738,0.666,0.024,0.151,-5.798,0.122,116.107,0.489
0,cy,2018-12-10,0.29,0.678,0.583,0.0,0.138,-6.503,0.094,117.012,0.394
0,cy,2018-12-11,0.254,0.681,0.585,0.0,0.132,-6.701,0.099,126.145,0.401
0,cy,2018-12-12,0.338,0.706,0.536,0.0,0.127,-7.541,0.098,127.48,0.423
0,cy,2018-12-13,0.278,0.687,0.614,0.0,0.14,-6.542,0.118,137.075,0.459
0,cy,2018-12-14,0.305,0.708,0.595,0.001,0.125,-6.817,0.11,129.035,0.502
0,cy,2018-12-15,0.327,0.719,0.581,0.001,0.126,-7.008,0.111,125.881,0.511
0,cy,2018-12-16,0.299,0.704,0.621,0.001,0.123,-6.831,0.112,131.92,0.522
0,cy,2019-09-11,0.373,0.763,0.641,0.0,0.129,-5.022,0.114,115.052,0.48
0,cy,2019-09-12,0.285,0.767,0.684,0.0,0.116,-4.696,0.125,121.317,0.53
0,cy,2019-09-13,0.266,0.718,0.705,0.0,0.12,-4.399,0.173,136.823,0.532
0,cy,2019-09-14,0.231,0.665,0.72,0.0,0.122,-4.417,0.154,137.843,0.509
0,cy,2019-09-15,0.26,0.647,0.724,0.0,0.113,-4.232,0.179,145.003,0.492
0,cy,2019-09-17,0.268,0.654,0.687,0.016,0.111,-5.074,0.203,143.769,0.501
0,cy,2019-09-16,0.227,0.614,0.746,0.0,0.123,-4.212,0.161,148.666,0.489
0,cy,2017-10-07,0.155,0.634,0.645,0.007,0.184,-5.978,0.071,121.669,0.449
0,cy,2017-11-14,0.236,0.694,0.593,0.0,0.119,-6.391,0.049,111.243,0.469
0,cy,2017-11-17,0.232,0.654,0.617,0.0,0.158,-5.771,0.064,110.717,0.449
0,cy,2017-11-20,0.221,0.672,0.636,0.02,0.147,-5.768,0.08,114.455,0.461
0,cy,2017-12-02,0.289,0.619,0.565,0.0,0.149,-6.802,0.057,126.397,0.436
0,cy,2017-11-02,0.175,0.648,0.646,0.0,0.122,-5.604,0.065,118.895,0.485
0,cy,2017-11-03,0.175,0.642,0.64,0.0,0.118,-5.654,0.065,118.273,0.46
0,cy,2017-11-04,0.126,0.647,0.677,0.0,0.13,-5.4,0.07,119.112,0.462
0,cy,2018-01-05,0.171,0.704,0.725,0.0,0.124,-5.151,0.133,121.507,0.529
0,cy,2018-01-06,0.174,0.703,0.718,0.0,0.119,-5.197,0.141,121.191,0.548
0,cy,2018-03-15,0.176,0.736,0.718,0.0,0.136,-4.953,0.137,112.043,0.538
0,cy,2018-03-21,0.254,0.664,0.55,0.002,0.175,-7.827,0.107,112.228,0.377
0,cy,2019-02-09,0.366,0.703,0.583,0.0,0.175,-6.07,0.095,110.093,0.43
0,cy,2018-12-25,0.329,0.707,0.638,0.0,0.153,-5.808,0.118,112.836,0.467
0,cy,2018-12-26,0.329,0.707,0.638,0.0,0.153,-5.808,0.118,112.836,0.467
0,cy,2017-10-08,0.18,0.618,0.626,0.007,0.184,-6.2,0.072,122.531,0.439
0,cy,2019-03-18,0.372,0.726,0.546,0.023,0.136,-7.122,0.106,118.671,0.43
0,cy,2019-03-20,0.367,0.71,0.624,0.016,0.123,-6.094,0.121,117.05,0.456
0,cy,2019-03-19,0.345,0.74,0.577,0.02,0.127,-6.753,0.121,115.822,0.453
0,cy,2019-03-21,0.342,0.703,0.614,0.016,0.134,-6.279,0.121,113.41,0.444
0,cy,2019-08-16,0.331,0.754,0.638,0.0,0.126,-5.306,0.117,133.669,0.426
0,cy,2019-08-18,0.331,0.754,0.638,0.0,0.126,-5.306,0.117,133.669,0.426
0,cy,2019-08-17,0.331,0.754,0.638,0.0,0.126,-5.306,0.117,133.669,0.426
0,cy,2019-08-19,0.301,0.708,0.646,0.0,0.118,-5.244,0.113,129.818,0.413
0,cy,2019-08-20,0.308,0.717,0.64,0.0,0.133,-5.224,0.136,136.39,0.42
0,cy,2019-08-21,0.371,0.669,0.685,0.0,0.136,-4.723,0.15,137.518,0.371
0,cy,2019-08-22,0.371,0.669,0.685,0.0,0.136,-4.723,0.15,137.518,0.371
0,cy,2019-10-26,0.3,0.697,0.616,0.001,0.139,-6.121,0.085,112.193,0.549
0,cy,2019-04-19,0.445,0.594,0.576,0.0,0.199,-6.212,0.14,124.607,0.473
0,cy,2019-04-20,0.297,0.637,0.637,0.008,0.205,-5.62,0.125,121.572,0.536
0,cy,2019-04-21,0.36,0.643,0.573,0.006,0.196,-7.012,0.125,126.044,0.502
0,cy,2019-04-22,0.324,0.681,0.517,0.034,0.202,-7.987,0.18,124.359,0.489
0,cy,2019-04-23,0.298,0.699,0.541,0.043,0.177,-7.952,0.172,128.929,0.493
0,cy,2018-09-28,0.118,0.689,0.695,0.0,0.175,-5.273,0.16,128.443,0.466
0,cy,2018-09-29,0.129,0.742,0.686,0.0,0.184,-5.452,0.172,126.16,0.478
0,cy,2018-09-30,0.202,0.728,0.621,0.0,0.187,-6.453,0.163,125.358,0.423
0,cy,2018-10-01,0.241,0.674,0.647,0.0,0.169,-6.277,0.129,117.205,0.461
0,cy,2018-10-02,0.23,0.668,0.631,0.0,0.178,-6.561,0.136,116.305,0.443
0,cy,2018-10-03,0.26,0.692,0.623,0.0,0.164,-6.637,0.144,114.07,0.446
0,cy,2019-04-24,0.27,0.712,0.521,0.043,0.222,-8.119,0.173,124.93,0.459
0,cy,2019-04-25,0.272,0.718,0.542,0.043,0.226,-7.901,0.172,124.227,0.476
0,cy,2019-04-26,0.265,0.71,0.553,0.043,0.175,-7.659,0.159,125.612,0.495
0,cy,2019-04-27,0.328,0.749,0.538,0.045,0.2,-8.151,0.205,129.607,0.496
0,cy,2019-04-28,0.3,0.747,0.555,0.041,0.193,-8.002,0.207,131.731,0.488
0,cy,2017-09-15,0.27,0.649,0.629,0.0,0.174,-5.757,0.08,102.201,0.491
0,cy,2018-10-31,0.223,0.703,0.653,0.0,0.167,-6.035,0.131,119.746,0.43
0,cy,2018-11-01,0.248,0.698,0.669,0.0,0.168,-6.011,0.126,122.93,0.487
0,cy,2019-02-23,0.207,0.69,0.66,0.0,0.173,-5.454,0.093,119.277,0.468
0,cy,2019-02-24,0.237,0.709,0.662,0.0,0.163,-5.271,0.104,117.207,0.466
0,cy,2019-02-25,0.277,0.753,0.643,0.018,0.149,-6.195,0.13,117.746,0.497
0,cy,2019-02-27,0.305,0.768,0.632,0.048,0.158,-6.222,0.122,116.579,0.532
0,cy,2019-02-26,0.326,0.749,0.644,0.019,0.157,-6.194,0.118,117.314,0.507
0,cy,2019-02-10,0.366,0.703,0.583,0.0,0.175,-6.07,0.095,110.093,0.43
0,cy,2019-02-11,0.344,0.678,0.571,0.0,0.19,-6.398,0.08,111.792,0.428
0,cy,2017-09-14,0.28,0.667,0.609,0.0,0.169,-5.913,0.07,105.553,0.474
0,cy,2018-12-27,0.31,0.705,0.645,0.0,0.156,-5.707,0.12,111.918,0.479
0,cy,2018-12-28,0.289,0.687,0.636,0.0,0.164,-5.734,0.115,116.371,0.443
0,cy,2018-12-29,0.3,0.667,0.606,0.0,0.162,-6.443,0.117,117.481,0.425
0,cy,2018-09-12,0.196,0.663,0.692,0.0,0.194,-5.451,0.092,113.221,0.456
0,cy,2018-09-13,0.186,0.681,0.694,0.0,0.181,-5.683,0.11,113.754,0.482
0,cy,2018-09-14,0.162,0.692,0.682,0.022,0.169,-5.873,0.121,110.749,0.47
0,cy,2018-09-15,0.161,0.696,0.671,0.026,0.171,-6.018,0.136,114.119,0.446
0,cy,2018-11-25,0.285,0.654,0.597,0.017,0.177,-6.6,0.109,115.194,0.456
0,cy,2018-11-24,0.302,0.67,0.58,0.018,0.176,-6.749,0.113,111.717,0.455
0,cy,2018-11-26,0.298,0.673,0.618,0.018,0.167,-6.325,0.089,115.29,0.499
0,cy,2018-11-27,0.273,0.687,0.632,0.017,0.174,-6.255,0.091,116.158,0.475
0,cy,2018-11-28,0.283,0.689,0.626,0.019,0.155,-6.367,0.093,113.106,0.461
0,cy,2018-11-29,0.243,0.682,0.627,0.017,0.165,-6.322,0.09,112.917,0.456
0,cy,2018-11-30,0.251,0.669,0.631,0.016,0.163,-6.354,0.087,111.403,0.442
0,cy,2018-11-05,0.236,0.749,0.633,0.0,0.17,-5.606,0.087,113.212,0.494
0,cy,2018-11-06,0.259,0.755,0.624,0.0,0.161,-5.568,0.092,113.329,0.492
0,cy,2018-11-07,0.255,0.749,0.625,0.0,0.152,-5.672,0.095,116.27,0.468
0,cy,2018-11-08,0.178,0.706,0.606,0.0,0.135,-5.765,0.085,116.299,0.396
0,cy,2018-12-01,0.26,0.665,0.649,0.018,0.151,-6.072,0.086,109.385,0.444
0,cy,2018-12-02,0.259,0.68,0.634,0.017,0.155,-6.265,0.089,106.361,0.421
0,cy,2018-12-04,0.254,0.684,0.601,0.0,0.105,-6.358,0.08,102.788,0.409
0,cy,2018-12-05,0.284,0.648,0.584,0.0,0.105,-6.664,0.075,98.625,0.385
0,cy,2018-12-06,0.389,0.615,0.557,0.0,0.11,-7.099,0.071,94.217,0.362
0,cy,2018-12-07,0.328,0.621,0.565,0.0,0.133,-6.7,0.092,109.819,0.34
0,cy,2019-08-15,0.317,0.725,0.665,0.0,0.166,-5.292,0.112,141.372,0.442
0,cy,2019-05-19,0.269,0.686,0.577,0.024,0.166,-7.733,0.169,125.39,0.512
0,cy,2019-05-20,0.229,0.717,0.593,0.026,0.152,-7.018,0.164,127.689,0.535
0,cy,2019-05-21,0.216,0.691,0.613,0.014,0.134,-6.639,0.145,128.665,0.528
0,cy,2018-10-24,0.268,0.689,0.623,0.0,0.166,-6.533,0.119,113.194,0.413
0,cy,2018-11-09,0.317,0.716,0.61,0.0,0.155,-6.025,0.099,101.11,0.45
0,cy,2019-05-22,0.23,0.716,0.582,0.013,0.131,-7.07,0.166,125.801,0.531
0,cy,2019-05-23,0.183,0.746,0.622,0.022,0.117,-5.938,0.159,129.165,0.618
0,cy,2019-05-24,0.299,0.653,0.59,0.017,0.107,-7.307,0.121,118.401,0.513
0,cy,2019-05-25,0.247,0.699,0.666,0.019,0.101,-6.017,0.11,118.917,0.62
0,cy,2018-07-30,0.242,0.708,0.681,0.001,0.158,-5.927,0.133,118.328,0.497
0,cy,2018-08-05,0.226,0.726,0.684,0.0,0.157,-5.392,0.153,121.292,0.484
0,cy,2019-06-24,0.091,0.798,0.675,0.0,0.089,-5.041,0.044,101.956,0.842
0,cy,2019-06-29,0.201,0.743,0.686,0.016,0.149,-5.536,0.15,117.152,0.536
0,cy,2019-06-30,0.22,0.798,0.689,0.022,0.123,-5.409,0.142,110.602,0.588
0,cy,2019-07-02,0.253,0.79,0.667,0.016,0.127,-5.569,0.125,114.687,0.611
0,cy,2019-07-01,0.263,0.783,0.706,0.019,0.126,-5.236,0.131,112.503,0.627
0,cy,2019-03-22,0.314,0.727,0.632,0.034,0.139,-5.893,0.113,113.171,0.505
0,cy,2018-05-08,0.232,0.652,0.715,0.001,0.122,-5.395,0.099,115.068,0.505
0,cy,2018-05-10,0.182,0.618,0.72,0.002,0.129,-5.71,0.077,115.341,0.518
0,cy,2018-05-09,0.246,0.642,0.704,0.001,0.125,-5.548,0.098,114.431,0.499
0,cy,2018-05-12,0.201,0.611,0.669,0.001,0.154,-6.126,0.089,120.274,0.46
0,cy,2018-05-11,0.191,0.617,0.695,0.001,0.134,-6.255,0.092,116.883,0.511
0,cy,2018-05-13,0.236,0.62,0.656,0.001,0.145,-6.288,0.088,120.996,0.465
0,cy,2018-05-14,0.185,0.61,0.684,0.001,0.141,-5.905,0.088,124.709,0.523
0,cy,2018-05-15,0.136,0.649,0.725,0.001,0.146,-5.468,0.065,118.553,0.559
0,cy,2018-05-16,0.139,0.66,0.738,0.001,0.138,-5.287,0.064,116.739,0.577
0,cy,2018-05-17,0.153,0.623,0.73,0.0,0.136,-5.283,0.059,113.111,0.541
0,cy,2018-05-18,0.154,0.612,0.754,0.0,0.135,-5.053,0.054,111.883,0.532
0,cy,2018-05-19,0.171,0.648,0.747,0.029,0.132,-5.148,0.073,111.712,0.541
0,cy,2019-04-18,0.445,0.594,0.576,0.0,0.199,-6.212,0.14,124.607,0.473
0,cy,2019-10-30,0.278,0.634,0.577,0.001,0.154,-6.436,0.068,109.825,0.429
0,cy,2019-10-31,0.278,0.634,0.577,0.001,0.154,-6.436,0.068,109.825,0.429
0,cy,2019-11-01,0.278,0.634,0.577,0.001,0.154,-6.436,0.068,109.825,0.429
0,cy,2019-11-02,0.295,0.599,0.609,0.002,0.157,-6.192,0.065,106.467,0.418
0,cy,2018-06-27,0.245,0.687,0.674,0.0,0.171,-5.452,0.096,113.953,0.498
0,cy,2018-06-28,0.279,0.679,0.666,0.0,0.177,-5.595,0.081,112.98,0.505
0,cy,2018-07-01,0.226,0.684,0.697,0.0,0.161,-5.339,0.106,117.056,0.501
0,cy,2018-10-21,0.333,0.661,0.594,0.0,0.144,-7.046,0.128,124.5,0.36
0,cy,2018-10-22,0.313,0.667,0.614,0.0,0.147,-6.91,0.125,122.218,0.385
0,cy,2018-10-23,0.29,0.658,0.63,0.0,0.146,-6.752,0.115,121.118,0.389
0,cy,2018-10-26,0.28,0.701,0.644,0.0,0.151,-6.175,0.114,109.692,0.457
0,cy,2018-10-25,0.281,0.702,0.641,0.0,0.151,-6.331,0.128,113.011,0.417
0,cy,2018-12-03,0.213,0.709,0.626,0.024,0.128,-6.179,0.091,109.798,0.46
0,cy,2018-12-09,0.348,0.654,0.549,0.0,0.145,-6.633,0.093,112.908,0.358
0,cy,2018-12-08,0.345,0.663,0.567,0.0,0.136,-6.663,0.1,114.809,0.362
0,cy,2018-07-26,0.204,0.693,0.707,0.001,0.126,-5.685,0.115,121.61,0.479
0,cy,2018-07-27,0.173,0.7,0.7,0.001,0.128,-5.71,0.119,123.009,0.465
0,cy,2019-02-28,0.279,0.778,0.625,0.044,0.153,-6.333,0.122,114.889,0.515
0,cy,2019-03-02,0.429,0.723,0.585,0.019,0.145,-6.591,0.098,109.223,0.464
0,cy,2019-03-03,0.367,0.722,0.629,0.016,0.135,-6.236,0.143,109.015,0.449
0,cy,2018-09-25,0.165,0.665,0.722,0.0,0.17,-5.12,0.117,123.337,0.482
0,cy,2018-09-26,0.15,0.65,0.702,0.0,0.186,-5.425,0.127,125.03,0.445
0,cy,2018-09-27,0.146,0.669,0.681,0.0,0.183,-5.672,0.146,125.093,0.44
0,cy,2019-03-29,0.246,0.727,0.611,0.023,0.223,-5.84,0.106,123.326,0.492
0,cy,2019-04-02,0.149,0.703,0.653,0.0,0.166,-4.885,0.058,102.548,0.574
0,cy,2019-02-06,0.356,0.65,0.568,0.0,0.182,-6.327,0.074,114.182,0.424
0,cy,2019-02-08,0.342,0.691,0.575,0.0,0.188,-6.109,0.094,114.419,0.43
0,cy,2019-02-07,0.329,0.702,0.586,0.0,0.173,-5.923,0.078,108.288,0.482
0,cy,2019-04-11,0.323,0.724,0.646,0.0,0.15,-5.265,0.123,129.316,0.666
0,cy,2019-04-12,0.46,0.642,0.531,0.0,0.158,-6.683,0.131,133.268,0.561
0,cy,2019-04-16,0.388,0.63,0.598,0.0,0.185,-6.048,0.129,126.514,0.541
0,cy,2018-07-16,0.214,0.707,0.658,0.002,0.178,-6.145,0.104,124.947,0.432
0,cy,2018-07-17,0.21,0.693,0.641,0.002,0.169,-6.468,0.11,127.647,0.381
0,cy,2018-04-29,0.093,0.675,0.671,0.001,0.223,-6.139,0.083,118.835,0.477
0,cy,2018-04-30,0.107,0.67,0.675,0.001,0.214,-6.099,0.079,128.714,0.47
0,cy,2018-05-02,0.133,0.687,0.654,0.001,0.211,-6.242,0.091,131.084,0.453
0,cy,2018-08-10,0.251,0.663,0.696,0.0,0.177,-5.85,0.165,131.991,0.458
0,cy,2018-08-11,0.203,0.66,0.748,0.0,0.178,-5.085,0.122,132.908,0.525
0,cy,2018-08-13,0.199,0.645,0.721,0.0,0.183,-5.611,0.101,134.117,0.488
0,cy,2018-08-12,0.22,0.656,0.743,0.0,0.193,-5.169,0.108,141.327,0.527
0,cy,2018-08-14,0.158,0.694,0.73,0.0,0.183,-5.318,0.117,130.016,0.526
0,cy,2018-08-15,0.155,0.693,0.736,0.0,0.203,-5.237,0.121,135.153,0.54
0,cy,2018-08-16,0.158,0.727,0.703,0.0,0.189,-5.353,0.132,132.303,0.59
0,cy,2018-09-24,0.144,0.676,0.741,0.0,0.177,-4.984,0.125,124.363,0.48
0,cy,2018-10-29,0.208,0.704,0.682,0.0,0.161,-5.729,0.122,116.798,0.475
0,cy,2018-10-30,0.215,0.702,0.677,0.0,0.159,-5.733,0.118,118.284,0.468
0,cy,2018-11-02,0.249,0.705,0.659,0.0,0.166,-6.0,0.146,128.117,0.449
0,cy,2018-12-17,0.341,0.704,0.625,0.001,0.12,-6.585,0.121,127.804,0.524
0,cy,2018-12-18,0.341,0.717,0.607,0.001,0.132,-6.735,0.128,123.878,0.518
0,cy,2018-12-19,0.365,0.692,0.592,0.0,0.137,-6.821,0.134,122.781,0.478
0,cy,2019-03-23,0.325,0.697,0.673,0.001,0.137,-5.012,0.087,111.875,0.532
0,cy,2019-03-24,0.286,0.718,0.699,0.001,0.13,-4.484,0.085,111.37,0.56
0,cy,2019-03-25,0.232,0.729,0.688,0.001,0.155,-4.346,0.106,110.773,0.581
0,cy,2019-03-26,0.305,0.74,0.697,0.001,0.154,-4.196,0.104,115.59,0.614
0,cy,2019-05-08,0.346,0.583,0.549,0.013,0.162,-8.406,0.161,122.731,0.388
0,cy,2019-05-09,0.289,0.646,0.624,0.013,0.131,-7.045,0.168,121.051,0.454
0,cy,2019-05-10,0.271,0.639,0.625,0.025,0.139,-7.454,0.183,127.509,0.468
0,cy,2019-05-11,0.311,0.629,0.583,0.023,0.149,-8.319,0.188,126.18,0.434
0,cy,2019-05-13,0.293,0.674,0.613,0.017,0.134,-7.541,0.173,120.569,0.487
0,cy,2019-01-23,0.289,0.723,0.657,0.0,0.207,-5.307,0.128,115.485,0.56
0,cy,2019-06-17,0.249,0.767,0.632,0.032,0.112,-6.441,0.145,124.259,0.727
0,cy,2019-06-18,0.302,0.757,0.618,0.043,0.12,-6.908,0.179,131.693,0.688
0,cy,2019-06-19,0.249,0.767,0.632,0.032,0.112,-6.441,0.145,124.259,0.727
0,cy,2019-06-20,0.249,0.767,0.632,0.032,0.112,-6.441,0.145,124.259,0.727
0,cy,2019-06-21,0.158,0.792,0.573,0.043,0.101,-7.189,0.174,124.375,0.681
0,cy,2019-07-18,0.224,0.765,0.667,0.016,0.103,-5.71,0.17,121.848,0.635
0,cy,2019-07-19,0.219,0.774,0.636,0.014,0.107,-5.954,0.161,122.751,0.619
0,cy,2019-07-20,0.215,0.766,0.65,0.013,0.108,-5.892,0.159,123.066,0.574
0,cy,2019-07-21,0.287,0.758,0.643,0.011,0.124,-5.841,0.167,125.409,0.543
0,cy,2019-07-22,0.311,0.772,0.646,0.0,0.129,-5.458,0.126,118.649,0.575
0,cy,2019-07-23,0.298,0.765,0.659,0.0,0.128,-5.446,0.129,119.375,0.534
0,cy,2019-07-24,0.272,0.773,0.642,0.0,0.126,-5.584,0.136,118.87,0.497
0,cy,2019-03-31,0.257,0.754,0.622,0.028,0.218,-5.87,0.113,119.773,0.514
0,cy,2018-04-23,0.182,0.625,0.7,0.001,0.175,-5.479,0.077,117.51,0.437
0,cy,2018-08-17,0.186,0.726,0.687,0.0,0.198,-5.728,0.11,124.055,0.601
0,cy,2018-08-19,0.177,0.709,0.695,0.0,0.181,-5.63,0.103,120.458,0.594
0,cy,2018-08-18,0.189,0.705,0.681,0.0,0.189,-5.757,0.107,122.033,0.571
0,cy,2018-08-20,0.207,0.714,0.702,0.0,0.161,-5.544,0.111,118.985,0.593
0,cy,2018-08-22,0.21,0.714,0.708,0.0,0.172,-5.403,0.102,114.59,0.623
0,cy,2018-08-21,0.234,0.704,0.721,0.0,0.181,-5.266,0.102,115.481,0.622
0,cy,2018-08-23,0.214,0.697,0.745,0.0,0.213,-5.14,0.106,113.697,0.617
0,cy,2018-11-03,0.29,0.745,0.654,0.0,0.161,-5.861,0.166,120.973,0.44
0,cy,2018-11-04,0.346,0.73,0.654,0.0,0.165,-5.745,0.154,117.302,0.463
0,cy,2019-01-25,0.319,0.674,0.637,0.009,0.22,-6.401,0.087,116.693,0.524
0,cy,2018-05-20,0.216,0.642,0.716,0.0,0.136,-4.99,0.074,114.733,0.498
0,cy,2018-05-21,0.208,0.636,0.694,0.006,0.158,-5.403,0.07,112.167,0.494
0,cy,2018-11-10,0.257,0.71,0.642,0.0,0.164,-6.146,0.102,104.913,0.458
0,cy,2018-11-11,0.299,0.667,0.612,0.0,0.151,-6.35,0.097,102.49,0.426
0,cy,2018-11-12,0.304,0.678,0.634,0.0,0.141,-6.511,0.121,108.808,0.442
0,cy,2018-11-23,0.368,0.657,0.578,0.0,0.15,-7.214,0.099,121.436,0.485
0,cy,2019-04-10,0.314,0.745,0.708,0.0,0.168,-4.527,0.138,119.352,0.734
0,cy,2019-04-13,0.46,0.642,0.531,0.0,0.158,-6.683,0.131,133.268,0.561
0,cy,2019-04-14,0.432,0.654,0.582,0.0,0.162,-6.173,0.12,122.936,0.548
0,cy,2019-04-15,0.388,0.63,0.598,0.0,0.185,-6.048,0.129,126.514,0.541
0,cy,2019-08-09,0.308,0.721,0.56,0.083,0.117,-6.669,0.125,127.318,0.543
0,cy,2019-08-11,0.267,0.696,0.605,0.066,0.117,-6.261,0.164,146.651,0.377
0,cy,2019-08-10,0.29,0.697,0.564,0.083,0.117,-6.492,0.168,151.837,0.43
0,cy,2019-08-12,0.333,0.682,0.588,0.055,0.119,-6.217,0.144,135.999,0.434
0,cy,2019-08-13,0.369,0.722,0.57,0.066,0.127,-6.474,0.154,141.085,0.452
0,cy,2019-08-14,0.354,0.727,0.633,0.0,0.128,-5.288,0.125,139.255,0.349
0,cy,2019-10-07,0.271,0.744,0.616,0.0,0.124,-6.165,0.096,109.147,0.482
0,cy,2019-10-08,0.271,0.744,0.616,0.0,0.124,-6.165,0.096,109.147,0.482
0,cy,2019-10-11,0.341,0.715,0.555,0.0,0.128,-6.41,0.092,112.872,0.46
0,cy,2019-10-10,0.271,0.744,0.616,0.0,0.124,-6.165,0.096,109.147,0.482
0,cy,2018-11-22,0.368,0.657,0.578,0.0,0.15,-7.214,0.099,121.436,0.485
0,cy,2019-07-10,0.166,0.777,0.662,0.014,0.103,-5.78,0.136,120.003,0.659
0,cy,2019-07-11,0.202,0.771,0.67,0.016,0.134,-5.722,0.141,124.628,0.633
0,cy,2019-07-12,0.225,0.771,0.691,0.014,0.128,-5.572,0.14,120.678,0.576
0,cy,2019-09-18,0.25,0.672,0.682,0.0,0.116,-4.691,0.167,143.124,0.493
0,cy,2019-09-19,0.247,0.678,0.669,0.0,0.126,-5.229,0.177,136.463,0.5
0,cy,2019-09-20,0.272,0.734,0.644,0.0,0.119,-5.529,0.121,125.736,0.46
0,cy,2019-09-21,0.272,0.734,0.644,0.0,0.119,-5.529,0.121,125.736,0.46
0,cy,2019-09-22,0.272,0.734,0.644,0.0,0.119,-5.529,0.121,125.736,0.46
0,cy,2019-09-24,0.272,0.734,0.644,0.0,0.119,-5.529,0.121,125.736,0.46
0,cy,2019-02-02,0.3,0.673,0.567,0.022,0.168,-6.403,0.066,114.204,0.43
0,cy,2019-02-03,0.3,0.673,0.567,0.022,0.168,-6.403,0.066,114.204,0.43
0,cy,2019-03-30,0.247,0.717,0.646,0.033,0.2,-6.053,0.099,122.834,0.508
0,cy,2019-04-01,0.201,0.75,0.682,0.001,0.142,-4.379,0.08,114.95,0.584
0,cy,2018-07-28,0.237,0.687,0.675,0.001,0.13,-6.12,0.124,121.903,0.464
0,cy,2018-07-29,0.234,0.705,0.684,0.001,0.165,-6.006,0.124,116.825,0.478
0,cy,2018-07-31,0.254,0.713,0.681,0.001,0.156,-5.924,0.137,116.926,0.508
0,cy,2018-08-01,0.264,0.736,0.686,0.0,0.166,-5.427,0.138,114.559,0.563
0,cy,2018-08-02,0.233,0.749,0.676,0.001,0.167,-5.281,0.133,114.643,0.574
0,cy,2018-08-03,0.185,0.745,0.686,0.001,0.164,-5.147,0.128,115.603,0.538
0,cy,2019-08-06,0.258,0.7,0.616,0.066,0.166,-6.256,0.144,151.861,0.526
0,cy,2019-08-07,0.278,0.665,0.672,0.083,0.173,-5.845,0.159,157.333,0.534
0,cy,2019-08-08,0.29,0.697,0.564,0.083,0.117,-6.492,0.168,151.837,0.43
0,cy,2019-10-27,0.3,0.697,0.616,0.001,0.139,-6.121,0.085,112.193,0.549
0,cy,2019-10-28,0.28,0.673,0.582,0.016,0.146,-6.504,0.068,111.478,0.54
0,cy,2019-10-29,0.258,0.604,0.605,0.001,0.154,-6.098,0.117,119.859,0.463
0,cy,2019-11-12,0.316,0.676,0.552,0.0,0.173,-6.977,0.055,92.942,0.459
0,cy,2019-11-13,0.403,0.727,0.514,0.0,0.175,-7.353,0.063,92.64,0.461
0,cy,2019-01-28,0.264,0.683,0.626,0.0,0.222,-6.026,0.066,110.969,0.468
0,cy,2019-01-30,0.262,0.679,0.624,0.0,0.234,-6.064,0.066,111.37,0.472
0,cy,2019-01-31,0.29,0.669,0.596,0.0,0.222,-6.165,0.058,111.297,0.449
0,cy,2018-05-24,0.191,0.681,0.686,0.0,0.187,-5.345,0.092,112.466,0.536
0,cy,2018-05-26,0.208,0.654,0.681,0.0,0.186,-5.478,0.074,111.338,0.5
0,cy,2019-05-12,0.323,0.691,0.574,0.02,0.136,-8.113,0.192,118.626,0.48
0,cy,2019-05-14,0.251,0.727,0.649,0.023,0.132,-6.9,0.199,118.878,0.543
0,cy,2019-05-15,0.261,0.74,0.636,0.023,0.13,-6.863,0.189,123.525,0.582
0,cy,2019-05-16,0.261,0.74,0.636,0.023,0.13,-6.863,0.189,123.525,0.582
0,cy,2018-05-22,0.218,0.654,0.661,0.023,0.154,-5.841,0.074,114.586,0.519
0,cy,2018-05-23,0.217,0.662,0.661,0.0,0.198,-5.377,0.1,110.22,0.467
0,cy,2018-12-31,0.319,0.617,0.558,0.0,0.167,-7.079,0.096,124.112,0.402
0,cy,2019-01-01,0.269,0.643,0.61,0.0,0.172,-6.321,0.095,124.335,0.445
0,cy,2019-01-02,0.269,0.643,0.61,0.0,0.172,-6.321,0.095,124.335,0.445
0,cy,2019-01-03,0.306,0.66,0.606,0.0,0.162,-6.249,0.1,124.068,0.43
0,cy,2019-01-04,0.353,0.681,0.592,0.0,0.146,-6.253,0.108,120.909,0.475
0,cy,2019-01-05,0.426,0.708,0.586,0.0,0.118,-5.964,0.067,112.885,0.534
0,cy,2019-01-06,0.363,0.75,0.643,0.0,0.13,-5.294,0.099,115.472,0.598
0,cy,2019-09-26,0.301,0.696,0.71,0.0,0.108,-4.505,0.124,126.441,0.466
0,cy,2019-09-27,0.277,0.733,0.618,0.0,0.116,-5.733,0.091,110.911,0.498
0,cy,2019-09-29,0.245,0.666,0.654,0.0,0.125,-5.333,0.165,126.748,0.538
0,cy,2019-09-28,0.277,0.733,0.618,0.0,0.116,-5.733,0.091,110.911,0.498
0,cy,2019-09-30,0.281,0.685,0.671,0.0,0.128,-4.993,0.175,120.949,0.545
0,cy,2018-04-24,0.157,0.61,0.711,0.001,0.186,-5.432,0.076,119.989,0.437
0,cy,2018-04-25,0.164,0.611,0.699,0.001,0.186,-5.678,0.073,119.728,0.431
0,cy,2018-04-26,0.176,0.645,0.666,0.001,0.185,-5.892,0.088,117.548,0.414
0,cy,2018-04-27,0.185,0.645,0.659,0.001,0.19,-5.96,0.075,118.842,0.388
0,cy,2018-04-28,0.162,0.646,0.653,0.0,0.207,-6.0,0.077,116.63,0.45
0,cy,2019-11-14,0.403,0.727,0.514,0.0,0.175,-7.353,0.063,92.64,0.461
0,cy,2019-10-18,0.356,0.694,0.55,0.0,0.116,-7.427,0.091,108.872,0.44
0,cy,2018-05-25,0.23,0.68,0.66,0.0,0.189,-5.539,0.098,109.926,0.522
0,cy,2019-05-01,0.305,0.738,0.584,0.012,0.128,-7.663,0.144,124.042,0.555
0,cy,2018-09-16,0.209,0.696,0.642,0.024,0.168,-6.416,0.133,114.549,0.432
0,cy,2019-04-29,0.328,0.758,0.557,0.023,0.173,-7.983,0.188,126.094,0.513
0,cy,2018-07-02,0.168,0.708,0.708,0.001,0.162,-5.524,0.153,122.199,0.474
0,cy,2018-07-23,0.213,0.707,0.688,0.001,0.127,-5.889,0.137,121.59,0.462
0,cy,2018-07-22,0.225,0.707,0.693,0.001,0.124,-5.788,0.122,124.676,0.453
0,cy,2018-07-24,0.213,0.697,0.688,0.001,0.116,-5.928,0.134,120.045,0.456
0,cy,2019-04-30,0.309,0.745,0.546,0.025,0.183,-8.395,0.186,128.783,0.519
0,cy,2019-05-02,0.309,0.735,0.534,0.015,0.201,-8.543,0.186,118.52,0.44
0,cy,2018-06-24,0.285,0.677,0.647,0.0,0.187,-5.863,0.103,118.966,0.461
0,cy,2018-08-07,0.254,0.724,0.676,0.0,0.17,-5.709,0.16,123.408,0.463
0,cy,2018-08-08,0.238,0.714,0.676,0.0,0.176,-5.835,0.157,124.903,0.465
0,cy,2018-08-09,0.244,0.715,0.688,0.0,0.174,-5.718,0.165,122.696,0.479
0,cy,2018-07-03,0.161,0.681,0.702,0.001,0.194,-5.573,0.156,120.985,0.457
0,cy,2018-07-04,0.154,0.683,0.692,0.002,0.206,-5.749,0.156,123.758,0.451
0,cy,2018-07-06,0.151,0.7,0.675,0.002,0.203,-5.874,0.152,125.109,0.456
0,cy,2018-07-07,0.161,0.702,0.713,0.001,0.191,-5.613,0.156,124.533,0.456
0,cy,2018-07-08,0.194,0.697,0.691,0.001,0.191,-5.806,0.142,120.632,0.465
0,cy,2019-03-27,0.243,0.79,0.692,0.001,0.166,-4.337,0.082,117.263,0.624
0,cy,2019-03-28,0.283,0.779,0.657,0.021,0.138,-5.625,0.108,117.08,0.558
0,cy,2019-04-08,0.296,0.786,0.756,0.0,0.13,-4.624,0.094,124.169,0.743
0,cy,2018-07-05,0.15,0.687,0.686,0.002,0.212,-5.874,0.168,126.132,0.444
0,cy,2018-07-11,0.189,0.694,0.683,0.009,0.194,-5.746,0.128,121.95,0.48
0,cy,2018-07-10,0.192,0.714,0.685,0.001,0.196,-5.697,0.138,119.049,0.498
0,cy,2018-07-12,0.193,0.69,0.674,0.01,0.186,-5.862,0.129,123.992,0.477
0,cy,2018-07-13,0.187,0.704,0.682,0.01,0.184,-5.714,0.121,125.909,0.496
0,cy,2018-07-14,0.193,0.721,0.682,0.002,0.196,-5.63,0.112,123.131,0.486
0,cy,2018-07-15,0.226,0.715,0.674,0.002,0.2,-5.881,0.11,124.211,0.475
0,cy,2018-07-20,0.32,0.686,0.65,0.001,0.135,-6.373,0.121,121.08,0.409
0,cy,2018-07-21,0.28,0.69,0.67,0.001,0.126,-6.017,0.113,119.913,0.424
0,cy,2018-07-25,0.227,0.7,0.682,0.001,0.118,-5.992,0.138,119.891,0.464
0,cy,2018-09-11,0.188,0.678,0.688,0.0,0.202,-5.523,0.095,116.19,0.461
0,cy,2018-09-10,0.174,0.697,0.669,0.016,0.191,-5.709,0.126,117.344,0.481
0,cy,2019-04-07,0.153,0.812,0.782,0.0,0.142,-3.568,0.072,110.158,0.704
0,cy,2019-05-26,0.136,0.76,0.702,0.026,0.111,-5.871,0.136,124.629,0.713
0,cy,2019-05-03,0.38,0.715,0.448,0.017,0.234,-9.279,0.176,114.174,0.403
0,cy,2019-05-04,0.342,0.716,0.46,0.015,0.22,-8.836,0.167,120.377,0.396
0,cy,2019-05-05,0.342,0.716,0.46,0.015,0.22,-8.836,0.167,120.377,0.396
0,cy,2019-05-06,0.236,0.676,0.575,0.019,0.177,-7.62,0.202,116.965,0.437
0,cy,2019-05-07,0.236,0.676,0.575,0.019,0.177,-7.62,0.202,116.965,0.437
0,cy,2019-07-25,0.271,0.766,0.63,0.0,0.129,-5.902,0.146,121.726,0.515
0,cy,2019-07-26,0.277,0.755,0.698,0.0,0.147,-5.197,0.133,127.471,0.456
0,cy,2019-07-27,0.264,0.77,0.701,0.0,0.146,-5.207,0.129,124.368,0.499
0,cy,2019-10-01,0.307,0.727,0.669,0.0,0.138,-5.005,0.192,123.025,0.585
0,cy,2019-10-02,0.307,0.727,0.669,0.0,0.138,-5.005,0.192,123.025,0.585
0,cy,2019-02-01,0.205,0.731,0.617,0.0,0.171,-5.45,0.06,108.089,0.469
0,cy,2019-02-05,0.369,0.668,0.576,0.0,0.173,-6.121,0.084,112.92,0.425
0,cy,2019-09-05,0.271,0.617,0.744,0.0,0.207,-4.29,0.187,123.703,0.634
0,cy,2019-09-06,0.253,0.662,0.673,0.0,0.193,-5.012,0.167,124.957,0.607
0,cy,2019-09-07,0.285,0.648,0.67,0.0,0.179,-4.813,0.151,129.169,0.535
0,cy,2019-09-08,0.279,0.652,0.654,0.0,0.123,-5.08,0.15,130.662,0.478
0,cy,2019-09-09,0.305,0.67,0.669,0.0,0.126,-4.825,0.161,125.132,0.492
0,cy,2019-09-10,0.336,0.715,0.648,0.0,0.12,-5.007,0.111,114.304,0.457
0,cy,2019-01-07,0.396,0.748,0.614,0.0,0.115,-5.157,0.066,99.103,0.584
0,cy,2019-01-27,0.345,0.67,0.564,0.0,0.19,-7.072,0.064,120.102,0.491
0,cy,2019-01-29,0.29,0.702,0.603,0.0,0.181,-6.213,0.068,111.064,0.491
0,cy,2018-08-06,0.208,0.716,0.692,0.0,0.16,-5.374,0.157,120.919,0.472
0,cy,2019-02-04,0.344,0.691,0.561,0.021,0.167,-6.343,0.077,112.893,0.435
0,cy,2019-06-16,0.249,0.767,0.632,0.032,0.112,-6.441,0.145,124.259,0.727
0,cy,2019-08-04,0.314,0.712,0.522,0.0,0.124,-5.858,0.08,140.102,0.336
0,cy,2019-08-05,0.258,0.7,0.616,0.066,0.166,-6.256,0.144,151.861,0.526
0,cy,2018-09-09,0.215,0.692,0.696,0.0,0.168,-5.455,0.123,117.452,0.497
0,cy,2018-07-18,0.196,0.702,0.629,0.002,0.182,-6.553,0.12,127.209,0.378
0,cy,2018-07-19,0.24,0.682,0.636,0.002,0.173,-6.66,0.127,125.732,0.365
0,cy,2018-08-04,0.2,0.727,0.684,0.0,0.174,-5.343,0.128,117.71,0.503
0,cy,2018-09-04,0.297,0.702,0.673,0.0,0.113,-5.608,0.122,114.973,0.474
0,cy,2018-09-05,0.273,0.707,0.678,0.0,0.133,-5.546,0.118,115.88,0.485
0,cy,2018-09-07,0.246,0.689,0.7,0.0,0.151,-5.56,0.121,117.438,0.505
0,cy,2018-09-08,0.236,0.691,0.694,0.0,0.156,-5.675,0.123,118.63,0.497
0,cy,2019-07-29,0.248,0.78,0.685,0.0,0.145,-5.221,0.084,115.182,0.491
0,cy,2019-09-04,0.273,0.632,0.747,0.0,0.186,-4.029,0.193,137.381,0.582
0,cy,2019-06-25,0.16,0.778,0.658,0.026,0.09,-5.812,0.172,112.561,0.676
0,cy,2019-08-24,0.416,0.648,0.622,0.022,0.134,-5.646,0.195,143.711,0.373
0,cy,2019-08-27,0.346,0.687,0.584,0.022,0.116,-6.167,0.157,136.011,0.415
0,cy,2019-08-28,0.367,0.681,0.58,0.0,0.124,-5.762,0.088,122.212,0.389
0,cy,2019-08-29,0.314,0.698,0.63,0.019,0.16,-5.585,0.149,130.305,0.491
0,cy,2019-08-30,0.292,0.718,0.626,0.022,0.168,-5.88,0.161,126.984,0.544
0,cy,2019-08-31,0.318,0.782,0.662,0.0,0.208,-4.846,0.124,129.053,0.589
0,cy,2019-09-01,0.278,0.705,0.689,0.0,0.198,-4.623,0.192,141.262,0.612
0,cy,2019-09-02,0.278,0.705,0.689,0.0,0.198,-4.623,0.192,141.262,0.612
0,cy,2019-09-03,0.257,0.667,0.688,0.0,0.178,-4.674,0.175,136.146,0.567
0,cy,2019-09-25,0.253,0.722,0.728,0.0,0.109,-4.69,0.121,120.747,0.483
0,cy,2019-07-14,0.201,0.786,0.657,0.016,0.129,-6.017,0.177,120.486,0.543
0,cy,2019-07-15,0.199,0.771,0.648,0.016,0.127,-6.077,0.168,118.1,0.557
0,cy,2019-07-31,0.28,0.764,0.696,0.0,0.151,-5.165,0.081,111.706,0.467
0,cy,2019-08-01,0.344,0.769,0.608,0.0,0.132,-5.886,0.092,119.063,0.44
0,cy,2019-08-02,0.344,0.769,0.608,0.0,0.132,-5.886,0.092,119.063,0.44
0,cy,2019-08-03,0.314,0.712,0.522,0.0,0.124,-5.858,0.08,140.102,0.336
0,cy,2019-07-30,0.248,0.78,0.685,0.0,0.145,-5.221,0.084,115.182,0.491
0,cy,2018-12-30,0.31,0.626,0.57,0.0,0.165,-6.966,0.108,123.26,0.416
0,cy,2019-07-28,0.215,0.804,0.704,0.0,0.139,-5.586,0.091,107.293,0.553
0,cy,2019-05-17,0.298,0.664,0.548,0.017,0.181,-8.297,0.172,121.676,0.458
0,cy,2019-06-14,0.271,0.773,0.662,0.026,0.177,-6.007,0.125,117.81,0.741
0,cy,2019-06-15,0.243,0.769,0.648,0.026,0.108,-6.121,0.172,118.546,0.717
0,cy,2019-08-23,0.433,0.637,0.662,0.0,0.14,-4.582,0.159,145.427,0.335
0,cy,2019-07-16,0.202,0.76,0.684,0.019,0.126,-5.817,0.18,116.403,0.566
0,cy,2019-07-17,0.221,0.766,0.691,0.014,0.127,-5.608,0.158,119.42,0.607
0,cy,2019-08-25,0.416,0.648,0.622,0.022,0.134,-5.646,0.195,143.711,0.373
0,cy,2019-08-26,0.382,0.676,0.589,0.019,0.134,-5.968,0.179,141.748,0.39